! Downloaded 26-Jan-2024
!----------------------------------------------------------------------
! Basis Set Exchange
! Version v0.9.1
! https://www.basissetexchange.org
!----------------------------------------------------------------------
!   Basis set: aug-cc-pwCVQZ-DK3
! Description: aug-cc-pwCVQZ-DK3
!        Role: orbital
!     Version: 1  (Data from ccRepo)
!----------------------------------------------------------------------

! REFERENCE
! In-Xe : D.H. Bross and K.A. Peterson, Theor. Chem. Acc. 133, 1434 (2014). DOI 10.1007/s00214-013-1434-9
!
! Cs,Ba : J.G. Hill and K.A. Peterson, J. Chem. Phys. 147, 244106 (2018). DOI 10.1063/1.5010587

! Basis = aug-cc-pwCVQZ-DK3

a 49
! INDIUM       (31s,24p,18d,6f,4g,1h) -> [12s,11p,9d,6f,4g,1h]
! s functions
H    31    12
      4.165467E+08           3.7402700E-05         -1.2780600E-05          0.0000000E+00          5.6181600E-06          0.0000000E+00          0.0000000E+00         -2.4123600E-06          6.7125700E-07          0.0000000E+00          0.0000000E+00          0.0000000E+00          0.0000000E+00
      6.354436E+07           1.0073500E-04         -3.4421700E-05          0.0000000E+00          1.5131400E-05          0.0000000E+00          0.0000000E+00         -6.4971600E-06          1.8078700E-06          0.0000000E+00          0.0000000E+00          0.0000000E+00          0.0000000E+00
      1.389632E+07           2.5435600E-04         -8.6950700E-05          0.0000000E+00          3.8224500E-05          0.0000000E+00          0.0000000E+00         -1.6413300E-05          4.5671700E-06          0.0000000E+00          0.0000000E+00          0.0000000E+00          0.0000000E+00
      3.991137E+06           5.1270200E-04         -1.7541400E-04          0.0000000E+00          7.7124200E-05          0.0000000E+00          0.0000000E+00         -3.3117000E-05          9.2148700E-06          0.0000000E+00          0.0000000E+00          0.0000000E+00          0.0000000E+00
      1.399787E+06           9.4822200E-04         -3.2488200E-04          0.0000000E+00          1.4286600E-04          0.0000000E+00          0.0000000E+00         -6.1350300E-05          1.7072200E-05          0.0000000E+00          0.0000000E+00          0.0000000E+00          0.0000000E+00
      5.650349E+05           1.6335200E-03         -5.6082400E-04          0.0000000E+00          2.4670600E-04          0.0000000E+00          0.0000000E+00         -1.0594300E-04          2.9477200E-05          0.0000000E+00          0.0000000E+00          0.0000000E+00          0.0000000E+00
      2.504687E+05           2.7843800E-03         -9.5887400E-04          0.0000000E+00          4.2195100E-04          0.0000000E+00          0.0000000E+00         -1.8123000E-04          5.0439800E-05          0.0000000E+00          0.0000000E+00          0.0000000E+00          0.0000000E+00
      1.176263E+05           4.7513100E-03         -1.6430200E-03          0.0000000E+00          7.2356100E-04          0.0000000E+00          0.0000000E+00         -3.1076500E-04          8.6451600E-05          0.0000000E+00          0.0000000E+00          0.0000000E+00          0.0000000E+00
      5.701405E+04           8.3343500E-03         -2.9007000E-03          0.0000000E+00          1.2782700E-03          0.0000000E+00          0.0000000E+00         -5.4923300E-04          1.5290800E-04          0.0000000E+00          0.0000000E+00          0.0000000E+00          0.0000000E+00
      2.802443E+04           1.5053400E-02         -5.2876300E-03          0.0000000E+00          2.3340800E-03          0.0000000E+00          0.0000000E+00         -1.0028500E-03          2.7893400E-04          0.0000000E+00          0.0000000E+00          0.0000000E+00          0.0000000E+00
      1.382524E+04           2.8139300E-02         -1.0035700E-02          0.0000000E+00          4.4377000E-03          0.0000000E+00          0.0000000E+00         -1.9082200E-03          5.3143800E-04          0.0000000E+00          0.0000000E+00          0.0000000E+00          0.0000000E+00
      6.815513E+03           5.3786600E-02         -1.9655400E-02          0.0000000E+00          8.7270800E-03          0.0000000E+00          0.0000000E+00         -3.7537800E-03          1.0441000E-03          0.0000000E+00          0.0000000E+00          0.0000000E+00          0.0000000E+00
      3.358783E+03           1.0237400E-01         -3.9065200E-02          0.0000000E+00          1.7445400E-02          0.0000000E+00          0.0000000E+00         -7.5170200E-03          2.0945800E-03          0.0000000E+00          0.0000000E+00          0.0000000E+00          0.0000000E+00
      1.661129E+03           1.8260100E-01         -7.5292500E-02          0.0000000E+00          3.4041800E-02          0.0000000E+00          0.0000000E+00         -1.4694800E-02          4.0889500E-03          0.0000000E+00          0.0000000E+00          0.0000000E+00          0.0000000E+00
      8.294857E+02           2.7476800E-01         -1.3074700E-01          0.0000000E+00          6.0393600E-02          0.0000000E+00          0.0000000E+00         -2.6206900E-02          7.3147000E-03          0.0000000E+00          0.0000000E+00          0.0000000E+00          0.0000000E+00
      4.211772E+02           2.9268100E-01         -1.7586400E-01          0.0000000E+00          8.4611300E-02          0.0000000E+00          0.0000000E+00         -3.6972800E-02          1.0297400E-02          0.0000000E+00          0.0000000E+00          0.0000000E+00          0.0000000E+00
      2.189325E+02           1.7055600E-01         -1.1836700E-01          0.0000000E+00          5.9530900E-02          0.0000000E+00          0.0000000E+00         -2.6378600E-02          7.4356300E-03          0.0000000E+00          0.0000000E+00          0.0000000E+00          0.0000000E+00
      1.171145E+02           3.7295000E-02          1.3255500E-01          0.0000000E+00         -8.3314500E-02          0.0000000E+00          0.0000000E+00          3.8559100E-02         -1.1006900E-02          0.0000000E+00          0.0000000E+00          0.0000000E+00          0.0000000E+00
      6.462679E+01           2.5684700E-03          4.3687600E-01          0.0000000E+00         -3.4298200E-01          0.0000000E+00          0.0000000E+00          1.6604400E-01         -4.6868400E-02          0.0000000E+00          0.0000000E+00          0.0000000E+00          0.0000000E+00
      3.672783E+01          -2.5760000E-04          4.1991100E-01          0.0000000E+00         -4.3637800E-01          0.0000000E+00          0.0000000E+00          2.2488400E-01         -6.5282800E-02          0.0000000E+00          0.0000000E+00          0.0000000E+00          0.0000000E+00
      2.134646E+01           3.4900300E-04          1.6732300E-01          0.0000000E+00         -1.3581700E-01          0.0000000E+00          0.0000000E+00          7.1723300E-02         -1.9689900E-02          0.0000000E+00          0.0000000E+00          0.0000000E+00          0.0000000E+00
      1.251734E+01          -3.3986900E-04          2.4525300E-02          0.0000000E+00          4.3578900E-01          0.0000000E+00          0.0000000E+00         -2.9242500E-01          8.6378600E-02          0.0000000E+00          0.0000000E+00          0.0000000E+00          0.0000000E+00
      7.248636E+00           1.6761900E-04          1.7768600E-03          1.0000000E+00          6.6633600E-01          0.0000000E+00          0.0000000E+00         -7.1886900E-01          0.0000000E+00          0.0000000E+00          0.0000000E+00          0.0000000E+00          0.0000000E+00
      4.020762E+00          -9.4155500E-05          4.1753100E-05          0.0000000E+00          2.4836700E-01          0.0000000E+00          0.0000000E+00         -2.2328100E-01          5.8741600E-02          0.0000000E+00          0.0000000E+00          0.0000000E+00          0.0000000E+00
      2.050784E+00           4.9957500E-05         -1.5222500E-04          0.0000000E+00          1.7135000E-02          1.0000000E+00          0.0000000E+00          6.7711500E-01          0.0000000E+00          0.0000000E+00          0.0000000E+00          0.0000000E+00          0.0000000E+00
      1.050881E+00          -2.3360400E-05         -3.9543700E-05          0.0000000E+00          2.0662600E-03          0.0000000E+00          1.0000000E+00          6.3652600E-01          0.0000000E+00          0.0000000E+00          0.0000000E+00          0.0000000E+00          0.0000000E+00
      5.270869E-01           1.0894100E-05         -8.1564200E-06          0.0000000E+00         -2.0598800E-05          0.0000000E+00          0.0000000E+00          1.2885200E-01         -1.2702700E-01          0.0000000E+00          0.0000000E+00          0.0000000E+00          0.0000000E+00
      2.198277E-01          -4.2309800E-06          7.9218600E-07          0.0000000E+00          1.2379200E-04          0.0000000E+00          0.0000000E+00          2.3841100E-03          0.0000000E+00          1.0000000E+00          0.0000000E+00          0.0000000E+00          0.0000000E+00
      9.791499E-02           1.8452500E-06         -1.8047800E-07          0.0000000E+00         -5.5987900E-05          0.0000000E+00          0.0000000E+00          1.0135500E-04          0.0000000E+00          0.0000000E+00          1.0000000E+00          0.0000000E+00          0.0000000E+00
      4.307257E-02          -4.8789000E-07          1.2865700E-07          0.0000000E+00          1.3252600E-05          0.0000000E+00          0.0000000E+00          1.4797100E-05          0.0000000E+00          0.0000000E+00          0.0000000E+00          1.0000000E+00          0.0000000E+00
      1.619090E-02           0.0000000E+00          0.0000000E+00          0.0000000E+00          0.0000000E+00          0.0000000E+00          0.0000000E+00          0.0000000E+00          0.0000000E+00          0.0000000E+00          0.0000000E+00          0.0000000E+00          1.0000000E+00
! p functions
H    24    11
      7.439121E+06           6.7180700E-06         -3.0792900E-06         -2.5107600E-07          0.0000000E+00          0.0000000E+00         -1.2595700E-06          0.0000000E+00          0.0000000E+00          0.0000000E+00          0.0000000E+00          0.0000000E+00
      1.181382E+06           2.2230600E-05         -1.0196300E-05         -8.3131600E-07          0.0000000E+00          0.0000000E+00         -4.1713100E-06          0.0000000E+00          0.0000000E+00          0.0000000E+00          0.0000000E+00          0.0000000E+00
      2.528542E+05           7.3212700E-05         -3.3603600E-05         -2.7415200E-06          0.0000000E+00          0.0000000E+00         -1.3748800E-05          0.0000000E+00          0.0000000E+00          0.0000000E+00          0.0000000E+00          0.0000000E+00
      6.824615E+04           2.2222600E-04         -1.0219000E-04         -8.3312700E-06          0.0000000E+00          0.0000000E+00         -4.1825600E-05          0.0000000E+00          0.0000000E+00          0.0000000E+00          0.0000000E+00          0.0000000E+00
      2.200897E+04           6.7079100E-04         -3.0888400E-04         -2.5240100E-05          0.0000000E+00          0.0000000E+00         -1.2645600E-04          0.0000000E+00          0.0000000E+00          0.0000000E+00          0.0000000E+00          0.0000000E+00
      8.125568E+03           2.0300900E-03         -9.3899800E-04         -7.6564500E-05          0.0000000E+00          0.0000000E+00         -3.8473700E-04          0.0000000E+00          0.0000000E+00          0.0000000E+00          0.0000000E+00          0.0000000E+00
      3.322459E+03           6.1485300E-03         -2.8554000E-03         -2.3399900E-04          0.0000000E+00          0.0000000E+00         -1.1708800E-03          0.0000000E+00          0.0000000E+00          0.0000000E+00          0.0000000E+00          0.0000000E+00
      1.467587E+03           1.8101500E-02         -8.5051900E-03         -6.9522000E-04          0.0000000E+00          0.0000000E+00         -3.4950400E-03          0.0000000E+00          0.0000000E+00          0.0000000E+00          0.0000000E+00          0.0000000E+00
      6.877122E+02           4.9600400E-02         -2.3691700E-02         -1.9546900E-03          0.0000000E+00          0.0000000E+00         -9.7670400E-03          0.0000000E+00          0.0000000E+00          0.0000000E+00          0.0000000E+00          0.0000000E+00
      3.375112E+02           1.1911500E-01         -5.8882100E-02         -4.8622900E-03          0.0000000E+00          0.0000000E+00         -2.4431300E-02          0.0000000E+00          0.0000000E+00          0.0000000E+00          0.0000000E+00          0.0000000E+00
      1.719235E+02           2.3085600E-01         -1.1906300E-01         -1.0008000E-02          0.0000000E+00          0.0000000E+00         -4.9826200E-02          0.0000000E+00          0.0000000E+00          0.0000000E+00          0.0000000E+00          0.0000000E+00
      9.029589E+01           3.2810900E-01         -1.7941200E-01         -1.5126100E-02          0.0000000E+00          0.0000000E+00         -7.6082900E-02          0.0000000E+00          0.0000000E+00          0.0000000E+00          0.0000000E+00          0.0000000E+00
      4.861906E+01           2.8730800E-01         -1.3616800E-01         -1.1231100E-02          0.0000000E+00          0.0000000E+00         -5.5137400E-02          0.0000000E+00          0.0000000E+00          0.0000000E+00          0.0000000E+00          0.0000000E+00
      2.667088E+01           1.2584300E-01          9.2735700E-02          1.3137100E-02          0.0000000E+00          0.0000000E+00          5.9774300E-02          0.0000000E+00          0.0000000E+00          0.0000000E+00          0.0000000E+00          0.0000000E+00
      1.478357E+01           2.2068800E-02          3.9186600E-01          4.6917900E-02          0.0000000E+00          0.0000000E+00          2.2923000E-01          0.0000000E+00          0.0000000E+00          0.0000000E+00          0.0000000E+00          0.0000000E+00
      8.183739E+00           1.2284800E-03          4.5234600E-01          6.7920500E-02          0.0000000E+00          0.0000000E+00          3.0808400E-01          0.0000000E+00          0.0000000E+00          0.0000000E+00          0.0000000E+00          0.0000000E+00
      4.449786E+00           1.6418900E-04          1.8252200E-01          0.0000000E+00          1.0000000E+00          0.0000000E+00         -2.6614800E-02          0.0000000E+00          0.0000000E+00          0.0000000E+00          0.0000000E+00          0.0000000E+00
      2.322517E+00          -1.4545000E-04          2.0717200E-02          0.0000000E+00          0.0000000E+00          1.0000000E+00         -4.7793600E-01          0.0000000E+00          0.0000000E+00          0.0000000E+00          0.0000000E+00          0.0000000E+00
      1.174257E+00          -6.1601000E-06          1.3230200E-03          0.0000000E+00          0.0000000E+00          0.0000000E+00         -4.9136900E-01          1.0000000E+00          0.0000000E+00          0.0000000E+00          0.0000000E+00          0.0000000E+00
      5.665851E-01          -2.1187400E-05          2.2167700E-04         -1.4892200E-02          0.0000000E+00          0.0000000E+00         -1.6952200E-01          0.0000000E+00          0.0000000E+00          0.0000000E+00          0.0000000E+00          0.0000000E+00
      2.015091E-01           3.1847100E-06          2.6867800E-07          0.0000000E+00          0.0000000E+00          0.0000000E+00         -1.0185500E-02          0.0000000E+00          1.0000000E+00          0.0000000E+00          0.0000000E+00          0.0000000E+00
      7.919014E-02          -1.5890900E-06         -5.7974200E-06          0.0000000E+00          0.0000000E+00          0.0000000E+00          5.6777000E-04          0.0000000E+00          0.0000000E+00          1.0000000E+00          0.0000000E+00          0.0000000E+00
      3.110912E-02           5.5680800E-07          1.0257500E-07          0.0000000E+00          0.0000000E+00          0.0000000E+00         -2.8960200E-04          0.0000000E+00          0.0000000E+00          0.0000000E+00          1.0000000E+00          0.0000000E+00
      1.002349E-02           0.0000000E+00          0.0000000E+00          0.0000000E+00          0.0000000E+00          0.0000000E+00          0.0000000E+00          0.0000000E+00          0.0000000E+00          0.0000000E+00          0.0000000E+00          1.0000000E+00
! d functions
H    18    9
      1.124108E+04           1.9625600E-05          0.0000000E+00          0.0000000E+00         -6.9722800E-06          0.0000000E+00          0.0000000E+00          0.0000000E+00          0.0000000E+00          0.0000000E+00
      3.112962E+03           1.4723900E-04          0.0000000E+00          0.0000000E+00         -5.2339900E-05          0.0000000E+00          0.0000000E+00          0.0000000E+00          0.0000000E+00          0.0000000E+00
      1.117299E+03           8.8407400E-04          0.0000000E+00          0.0000000E+00         -3.1483100E-04          0.0000000E+00          0.0000000E+00          0.0000000E+00          0.0000000E+00          0.0000000E+00
      4.764962E+02           4.0725200E-03          0.0000000E+00          0.0000000E+00         -1.4544300E-03          0.0000000E+00          0.0000000E+00          0.0000000E+00          0.0000000E+00          0.0000000E+00
      2.268361E+02           1.5173000E-02          0.0000000E+00          0.0000000E+00         -5.4459400E-03          0.0000000E+00          0.0000000E+00          0.0000000E+00          0.0000000E+00          0.0000000E+00
      1.155276E+02           4.5266800E-02          0.0000000E+00          0.0000000E+00         -1.6365700E-02          0.0000000E+00          0.0000000E+00          0.0000000E+00          0.0000000E+00          0.0000000E+00
      6.127954E+01           1.1150900E-01          0.0000000E+00          0.0000000E+00         -4.0878100E-02          0.0000000E+00          0.0000000E+00          0.0000000E+00          0.0000000E+00          0.0000000E+00
      3.332748E+01           2.1306300E-01          0.0000000E+00          0.0000000E+00         -7.8321100E-02          0.0000000E+00          0.0000000E+00          0.0000000E+00          0.0000000E+00          0.0000000E+00
      1.842043E+01           3.0271000E-01          0.0000000E+00          0.0000000E+00         -1.0775100E-01          0.0000000E+00          0.0000000E+00          0.0000000E+00          0.0000000E+00          0.0000000E+00
      1.028017E+01           3.0659000E-01          0.0000000E+00          0.0000000E+00         -9.6333200E-02          0.0000000E+00          0.0000000E+00          0.0000000E+00          0.0000000E+00          0.0000000E+00
      5.744137E+00           1.8213600E-01          0.0000000E+00          0.0000000E+00          2.3167900E-02          0.0000000E+00          0.0000000E+00          0.0000000E+00          0.0000000E+00          0.0000000E+00
      3.165983E+00           5.2792200E-02          1.0000000E+00          0.0000000E+00          2.2140800E-01          0.0000000E+00          0.0000000E+00          0.0000000E+00          0.0000000E+00          0.0000000E+00
      1.693013E+00           5.7079500E-03          0.0000000E+00          1.0000000E+00          3.5261000E-01          0.0000000E+00          0.0000000E+00          0.0000000E+00          0.0000000E+00          0.0000000E+00
      8.796640E-01           3.3675700E-04          0.0000000E+00          0.0000000E+00          3.3637000E-01          1.0000000E+00          0.0000000E+00          0.0000000E+00          0.0000000E+00          0.0000000E+00
      4.424068E-01          -5.9107300E-07          0.0000000E+00          0.0000000E+00          2.0337600E-01          0.0000000E+00          1.0000000E+00          0.0000000E+00          0.0000000E+00          0.0000000E+00
      2.098288E-01           3.4088700E-06          0.0000000E+00          0.0000000E+00          6.2771700E-02          0.0000000E+00          0.0000000E+00          1.0000000E+00          0.0000000E+00          0.0000000E+00
      7.944378E-02          -2.7879600E-06          0.0000000E+00          0.0000000E+00          4.0485100E-03          0.0000000E+00          0.0000000E+00          0.0000000E+00          1.0000000E+00          0.0000000E+00
      2.702104E-02           0.0000000E+00          0.0000000E+00          0.0000000E+00          0.0000000E+00          0.0000000E+00          0.0000000E+00          0.0000000E+00          0.0000000E+00          1.0000000E+00
! f functions
H    6    6
      5.606889E+00           1.0000000E+00          0.0000000E+00          0.0000000E+00          0.0000000E+00          0.0000000E+00          0.0000000E+00
      2.313128E+00           0.0000000E+00          1.0000000E+00          0.0000000E+00          0.0000000E+00          0.0000000E+00          0.0000000E+00
      9.542830E-01           0.0000000E+00          0.0000000E+00          1.0000000E+00          0.0000000E+00          0.0000000E+00          0.0000000E+00
      3.976131E-01           0.0000000E+00          0.0000000E+00          0.0000000E+00          1.0000000E+00          0.0000000E+00          0.0000000E+00
      1.585604E-01           0.0000000E+00          0.0000000E+00          0.0000000E+00          0.0000000E+00          1.0000000E+00          0.0000000E+00
      5.932725E-02           0.0000000E+00          0.0000000E+00          0.0000000E+00          0.0000000E+00          0.0000000E+00          1.0000000E+00
! g functions
H    4    4
      3.127341E+00           1.0000000E+00          0.0000000E+00          0.0000000E+00          0.0000000E+00
      9.954987E-01           0.0000000E+00          1.0000000E+00          0.0000000E+00          0.0000000E+00
      3.405219E-01           0.0000000E+00          0.0000000E+00          1.0000000E+00          0.0000000E+00
      1.446660E-01           0.0000000E+00          0.0000000E+00          0.0000000E+00          1.0000000E+00
! h functions
H    1    1
      1.063380E+00           1.0000000E+00
a 50
! TIN       (31s,24p,18d,6f,4g,1h) -> [12s,11p,9d,6f,4g,1h]
! s functions
H    31    12
      4.692269E+08           3.6809000E-05         -1.2627300E-05          0.0000000E+00          5.5768700E-06          0.0000000E+00          0.0000000E+00         -2.4262500E-06          7.2818200E-07          0.0000000E+00          0.0000000E+00          0.0000000E+00          0.0000000E+00
      7.218422E+07           9.8264900E-05         -3.3708600E-05          0.0000000E+00          1.4887500E-05          0.0000000E+00          0.0000000E+00         -6.4768400E-06          1.9438400E-06          0.0000000E+00          0.0000000E+00          0.0000000E+00          0.0000000E+00
      1.580533E+07           2.4868600E-04         -8.5340800E-05          0.0000000E+00          3.7692900E-05          0.0000000E+00          0.0000000E+00         -1.6398800E-05          4.9217600E-06          0.0000000E+00          0.0000000E+00          0.0000000E+00          0.0000000E+00
      4.517315E+06           5.0434400E-04         -1.7321500E-04          0.0000000E+00          7.6514000E-05          0.0000000E+00          0.0000000E+00         -3.3288500E-05          9.9904900E-06          0.0000000E+00          0.0000000E+00          0.0000000E+00          0.0000000E+00
      1.568784E+06           9.4197100E-04         -3.2396500E-04          0.0000000E+00          1.4313200E-04          0.0000000E+00          0.0000000E+00         -6.2276400E-05          1.8692100E-05          0.0000000E+00          0.0000000E+00          0.0000000E+00          0.0000000E+00
      6.246797E+05           1.6431900E-03         -5.6628400E-04          0.0000000E+00          2.5026800E-04          0.0000000E+00          0.0000000E+00         -1.0889000E-04          3.2677400E-05          0.0000000E+00          0.0000000E+00          0.0000000E+00          0.0000000E+00
      2.724724E+05           2.8362100E-03         -9.8042900E-04          0.0000000E+00          4.3348200E-04          0.0000000E+00          0.0000000E+00         -1.8864600E-04          5.6632400E-05          0.0000000E+00          0.0000000E+00          0.0000000E+00          0.0000000E+00
      1.257508E+05           4.9000800E-03         -1.7011100E-03          0.0000000E+00          7.5261000E-04          0.0000000E+00          0.0000000E+00         -3.2749800E-04          9.8261300E-05          0.0000000E+00          0.0000000E+00          0.0000000E+00          0.0000000E+00
      5.989707E+04           8.6828100E-03         -3.0342300E-03          0.0000000E+00          1.3436100E-03          0.0000000E+00          0.0000000E+00         -5.8497000E-04          1.7567100E-04          0.0000000E+00          0.0000000E+00          0.0000000E+00          0.0000000E+00
      2.896414E+04           1.5810900E-02         -5.5785800E-03          0.0000000E+00          2.4739500E-03          0.0000000E+00          0.0000000E+00         -1.0769300E-03          3.2305100E-04          0.0000000E+00          0.0000000E+00          0.0000000E+00          0.0000000E+00
      1.408765E+04           2.9698900E-02         -1.0645300E-02          0.0000000E+00          4.7312000E-03          0.0000000E+00          0.0000000E+00         -2.0616000E-03          6.1937000E-04          0.0000000E+00          0.0000000E+00          0.0000000E+00          0.0000000E+00
      6.868293E+03           5.6820800E-02         -2.0893900E-02          0.0000000E+00          9.3224000E-03          0.0000000E+00          0.0000000E+00         -4.0627300E-03          1.2186800E-03          0.0000000E+00          0.0000000E+00          0.0000000E+00          0.0000000E+00
      3.360376E+03           1.0758600E-01         -4.1388100E-02          0.0000000E+00          1.8587300E-02          0.0000000E+00          0.0000000E+00         -8.1175100E-03          2.4403300E-03          0.0000000E+00          0.0000000E+00          0.0000000E+00          0.0000000E+00
      1.657206E+03           1.8925700E-01         -7.8936300E-02          0.0000000E+00          3.5895500E-02          0.0000000E+00          0.0000000E+00         -1.5701900E-02          4.7116000E-03          0.0000000E+00          0.0000000E+00          0.0000000E+00          0.0000000E+00
      8.290857E+02           2.7767300E-01         -1.3424300E-01          0.0000000E+00          6.2461300E-02          0.0000000E+00          0.0000000E+00         -2.7486400E-02          8.2802200E-03          0.0000000E+00          0.0000000E+00          0.0000000E+00          0.0000000E+00
      4.237830E+02           2.8543600E-01         -1.7437400E-01          0.0000000E+00          8.4495300E-02          0.0000000E+00          0.0000000E+00         -3.7418900E-02          1.1232100E-02          0.0000000E+00          0.0000000E+00          0.0000000E+00          0.0000000E+00
      2.227598E+02           1.6060300E-01         -1.0913600E-01          0.0000000E+00          5.5222900E-02          0.0000000E+00          0.0000000E+00         -2.4869500E-02          7.5991700E-03          0.0000000E+00          0.0000000E+00          0.0000000E+00          0.0000000E+00
      1.209725E+02           3.4964000E-02          1.3656100E-01          0.0000000E+00         -8.6978400E-02          0.0000000E+00          0.0000000E+00          4.1026000E-02         -1.2716200E-02          0.0000000E+00          0.0000000E+00          0.0000000E+00          0.0000000E+00
      6.797038E+01           2.4927600E-03          4.2136200E-01          0.0000000E+00         -3.3209200E-01          0.0000000E+00          0.0000000E+00          1.6275400E-01         -4.9398100E-02          0.0000000E+00          0.0000000E+00          0.0000000E+00          0.0000000E+00
      3.939297E+01          -1.3851200E-04          4.1193900E-01          0.0000000E+00         -4.2678300E-01          0.0000000E+00          0.0000000E+00          2.2382100E-01         -7.0605300E-02          0.0000000E+00          0.0000000E+00          0.0000000E+00          0.0000000E+00
      2.334334E+01           2.3892800E-04          1.7973600E-01          0.0000000E+00         -1.6565500E-01          0.0000000E+00          0.0000000E+00          8.7225200E-02         -2.5314400E-02          0.0000000E+00          0.0000000E+00          0.0000000E+00          0.0000000E+00
      1.392086E+01          -2.4258100E-04          3.0900000E-02          0.0000000E+00          3.7072700E-01          0.0000000E+00          0.0000000E+00         -2.4163200E-01          7.5032900E-02          0.0000000E+00          0.0000000E+00          0.0000000E+00          0.0000000E+00
      8.154829E+00           9.6297300E-05          2.3722200E-03          1.0000000E+00          6.8401100E-01          0.0000000E+00          0.0000000E+00         -7.2100000E-01          0.0000000E+00          0.0000000E+00          0.0000000E+00          0.0000000E+00          0.0000000E+00
      4.536367E+00          -5.5730400E-05          8.0744600E-05          0.0000000E+00          2.9956500E-01          0.0000000E+00          0.0000000E+00         -3.1557100E-01          9.8435500E-02          0.0000000E+00          0.0000000E+00          0.0000000E+00          0.0000000E+00
      2.291372E+00           3.0082400E-05         -1.5884000E-04          0.0000000E+00          2.3583200E-02          1.0000000E+00          0.0000000E+00          6.5202300E-01          0.0000000E+00          0.0000000E+00          0.0000000E+00          0.0000000E+00          0.0000000E+00
      1.172525E+00          -1.2866700E-05         -4.9428700E-05          0.0000000E+00          2.1245600E-03          0.0000000E+00          1.0000000E+00          6.8450200E-01          0.0000000E+00          0.0000000E+00          0.0000000E+00          0.0000000E+00          0.0000000E+00
      5.763808E-01           6.7199000E-06         -5.8672500E-06          0.0000000E+00         -7.7275300E-05          0.0000000E+00          0.0000000E+00          1.3460100E-01         -1.4391800E-01          0.0000000E+00          0.0000000E+00          0.0000000E+00          0.0000000E+00
      2.618144E-01          -2.9529400E-06          6.0485200E-07          0.0000000E+00          1.6576600E-04          0.0000000E+00          0.0000000E+00          1.1429000E-04          0.0000000E+00          1.0000000E+00          0.0000000E+00          0.0000000E+00          0.0000000E+00
      1.184970E-01           1.1928100E-06          4.1646700E-07          0.0000000E+00         -8.3955900E-05          0.0000000E+00          0.0000000E+00          9.8303400E-04          0.0000000E+00          0.0000000E+00          1.0000000E+00          0.0000000E+00          0.0000000E+00
      5.316547E-02          -3.1073600E-07          8.0228400E-08          0.0000000E+00          1.8349100E-05          0.0000000E+00          0.0000000E+00         -1.3734400E-04          0.0000000E+00          0.0000000E+00          0.0000000E+00          1.0000000E+00          0.0000000E+00
      2.179857E-02           0.0000000E+00          0.0000000E+00          0.0000000E+00          0.0000000E+00          0.0000000E+00          0.0000000E+00          0.0000000E+00          0.0000000E+00          0.0000000E+00          0.0000000E+00          0.0000000E+00          1.0000000E+00
! p functions
H    24    11
      8.028404E+06           6.9342500E-06         -3.1976700E-06         -3.1125000E-07          0.0000000E+00          0.0000000E+00         -1.3314900E-06          0.0000000E+00          0.0000000E+00          0.0000000E+00          0.0000000E+00          0.0000000E+00
      1.254944E+06           2.3185900E-05         -1.0699100E-05         -1.0414000E-06          0.0000000E+00          0.0000000E+00         -4.4556300E-06          0.0000000E+00          0.0000000E+00          0.0000000E+00          0.0000000E+00          0.0000000E+00
      2.671451E+05           7.5824700E-05         -3.5015300E-05         -3.4100500E-06          0.0000000E+00          0.0000000E+00         -1.4583900E-05          0.0000000E+00          0.0000000E+00          0.0000000E+00          0.0000000E+00          0.0000000E+00
      7.212703E+04           2.2771300E-04         -1.0535400E-04         -1.0256000E-05          0.0000000E+00          0.0000000E+00         -4.3896200E-05          0.0000000E+00          0.0000000E+00          0.0000000E+00          0.0000000E+00          0.0000000E+00
      2.332435E+04           6.7807200E-04         -3.1417300E-04         -3.0639300E-05          0.0000000E+00          0.0000000E+00         -1.3093600E-04          0.0000000E+00          0.0000000E+00          0.0000000E+00          0.0000000E+00          0.0000000E+00
      8.636501E+03           2.0249500E-03         -9.4240300E-04         -9.1780800E-05          0.0000000E+00          0.0000000E+00         -3.9308700E-04          0.0000000E+00          0.0000000E+00          0.0000000E+00          0.0000000E+00          0.0000000E+00
      3.537953E+03           6.0697400E-03         -2.8363500E-03         -2.7735500E-04          0.0000000E+00          0.0000000E+00         -1.1840500E-03          0.0000000E+00          0.0000000E+00          0.0000000E+00          0.0000000E+00          0.0000000E+00
      1.563239E+03           1.7778900E-02         -8.4043800E-03         -8.2075400E-04          0.0000000E+00          0.0000000E+00         -3.5159100E-03          0.0000000E+00          0.0000000E+00          0.0000000E+00          0.0000000E+00          0.0000000E+00
      7.316872E+02           4.8737200E-02         -2.3417800E-02         -2.3052200E-03          0.0000000E+00          0.0000000E+00         -9.8285300E-03          0.0000000E+00          0.0000000E+00          0.0000000E+00          0.0000000E+00          0.0000000E+00
      3.583471E+02           1.1756300E-01         -5.8441000E-02         -5.7678500E-03          0.0000000E+00          0.0000000E+00         -2.4687100E-02          0.0000000E+00          0.0000000E+00          0.0000000E+00          0.0000000E+00          0.0000000E+00
      1.821325E+02           2.2921900E-01         -1.1889100E-01         -1.1922700E-02          0.0000000E+00          0.0000000E+00         -5.0662400E-02          0.0000000E+00          0.0000000E+00          0.0000000E+00          0.0000000E+00          0.0000000E+00
      9.551418E+01           3.2760800E-01         -1.8013800E-01         -1.8180200E-02          0.0000000E+00          0.0000000E+00         -7.7794700E-02          0.0000000E+00          0.0000000E+00          0.0000000E+00          0.0000000E+00          0.0000000E+00
      5.142717E+01           2.8886500E-01         -1.3864500E-01         -1.3602200E-02          0.0000000E+00          0.0000000E+00         -5.7278900E-02          0.0000000E+00          0.0000000E+00          0.0000000E+00          0.0000000E+00          0.0000000E+00
      2.826539E+01           1.2823400E-01          8.8207500E-02          1.5115900E-02          0.0000000E+00          0.0000000E+00          5.8875300E-02          0.0000000E+00          0.0000000E+00          0.0000000E+00          0.0000000E+00          0.0000000E+00
      1.572838E+01           2.3126400E-02          3.8737100E-01          5.6184700E-02          0.0000000E+00          0.0000000E+00          2.3186000E-01          0.0000000E+00          0.0000000E+00          0.0000000E+00          0.0000000E+00          0.0000000E+00
      8.752581E+00           1.2815300E-03          4.5358900E-01          8.1479900E-02          0.0000000E+00          0.0000000E+00          3.1561000E-01          0.0000000E+00          0.0000000E+00          0.0000000E+00          0.0000000E+00          0.0000000E+00
      4.783919E+00           1.7719200E-04          1.8791900E-01          0.0000000E+00          1.0000000E+00          0.0000000E+00         -2.1301700E-02          0.0000000E+00          0.0000000E+00          0.0000000E+00          0.0000000E+00          0.0000000E+00
      2.503843E+00          -1.6225300E-04          2.2265500E-02          0.0000000E+00          0.0000000E+00          1.0000000E+00         -4.8183900E-01          0.0000000E+00          0.0000000E+00          0.0000000E+00          0.0000000E+00          0.0000000E+00
      1.279015E+00          -3.7928800E-07          1.2679500E-03          0.0000000E+00          0.0000000E+00          0.0000000E+00         -4.9349800E-01          1.0000000E+00          0.0000000E+00          0.0000000E+00          0.0000000E+00          0.0000000E+00
      6.308701E-01          -2.4846300E-05          2.4076300E-04         -1.7422100E-02          0.0000000E+00          0.0000000E+00         -1.6556400E-01          0.0000000E+00          0.0000000E+00          0.0000000E+00          0.0000000E+00          0.0000000E+00
      2.470553E-01           5.2860300E-06         -1.5856600E-05          0.0000000E+00          0.0000000E+00          0.0000000E+00         -1.0466600E-02          0.0000000E+00          1.0000000E+00          0.0000000E+00          0.0000000E+00          0.0000000E+00
      1.028288E-01          -2.3432500E-06         -2.4766800E-06          0.0000000E+00          0.0000000E+00          0.0000000E+00          1.4464400E-04          0.0000000E+00          0.0000000E+00          1.0000000E+00          0.0000000E+00          0.0000000E+00
      4.186408E-02           8.0879200E-07         -1.7869100E-06          0.0000000E+00          0.0000000E+00          0.0000000E+00         -2.0485500E-04          0.0000000E+00          0.0000000E+00          0.0000000E+00          1.0000000E+00          0.0000000E+00
      1.584478E-02           0.0000000E+00          0.0000000E+00          0.0000000E+00          0.0000000E+00          0.0000000E+00          0.0000000E+00          0.0000000E+00          0.0000000E+00          0.0000000E+00          0.0000000E+00          1.0000000E+00
! d functions
H    18    9
      1.248022E+04           1.8728100E-05          0.0000000E+00          0.0000000E+00         -6.9486300E-06          0.0000000E+00          0.0000000E+00          0.0000000E+00          0.0000000E+00          0.0000000E+00
      3.349125E+03           1.4695400E-04          0.0000000E+00          0.0000000E+00         -5.4588000E-05          0.0000000E+00          0.0000000E+00          0.0000000E+00          0.0000000E+00          0.0000000E+00
      1.172286E+03           9.1714700E-04          0.0000000E+00          0.0000000E+00         -3.4115000E-04          0.0000000E+00          0.0000000E+00          0.0000000E+00          0.0000000E+00          0.0000000E+00
      4.893161E+02           4.3976900E-03          0.0000000E+00          0.0000000E+00         -1.6416000E-03          0.0000000E+00          0.0000000E+00          0.0000000E+00          0.0000000E+00          0.0000000E+00
      2.287069E+02           1.6835200E-02          0.0000000E+00          0.0000000E+00         -6.3153400E-03          0.0000000E+00          0.0000000E+00          0.0000000E+00          0.0000000E+00          0.0000000E+00
      1.148396E+02           5.0719100E-02          0.0000000E+00          0.0000000E+00         -1.9189700E-02          0.0000000E+00          0.0000000E+00          0.0000000E+00          0.0000000E+00          0.0000000E+00
      6.039649E+01           1.2329300E-01          0.0000000E+00          0.0000000E+00         -4.7314900E-02          0.0000000E+00          0.0000000E+00          0.0000000E+00          0.0000000E+00          0.0000000E+00
      3.278748E+01           2.2650700E-01          0.0000000E+00          0.0000000E+00         -8.6937100E-02          0.0000000E+00          0.0000000E+00          0.0000000E+00          0.0000000E+00          0.0000000E+00
      1.820630E+01           3.0767100E-01          0.0000000E+00          0.0000000E+00         -1.1377200E-01          0.0000000E+00          0.0000000E+00          0.0000000E+00          0.0000000E+00          0.0000000E+00
      1.024834E+01           2.9503500E-01          0.0000000E+00          0.0000000E+00         -9.2390600E-02          0.0000000E+00          0.0000000E+00          0.0000000E+00          0.0000000E+00          0.0000000E+00
      5.765704E+00           1.6494300E-01          0.0000000E+00          0.0000000E+00          4.8139800E-02          0.0000000E+00          0.0000000E+00          0.0000000E+00          0.0000000E+00          0.0000000E+00
      3.163024E+00           4.4166000E-02          1.0000000E+00          0.0000000E+00          2.5440500E-01          0.0000000E+00          0.0000000E+00          0.0000000E+00          0.0000000E+00          0.0000000E+00
      1.699094E+00           3.5811500E-03          0.0000000E+00          1.0000000E+00          3.6507700E-01          0.0000000E+00          0.0000000E+00          0.0000000E+00          0.0000000E+00          0.0000000E+00
      9.003582E-01           4.8129100E-04          0.0000000E+00          0.0000000E+00          3.1510000E-01          1.0000000E+00          0.0000000E+00          0.0000000E+00          0.0000000E+00          0.0000000E+00
      4.673140E-01          -1.2714800E-04          0.0000000E+00          0.0000000E+00          1.6786000E-01          0.0000000E+00          1.0000000E+00          0.0000000E+00          0.0000000E+00          0.0000000E+00
      2.285869E-01           3.9709700E-05          0.0000000E+00          0.0000000E+00          4.4462800E-02          0.0000000E+00          0.0000000E+00          1.0000000E+00          0.0000000E+00          0.0000000E+00
      8.657831E-02          -1.2107300E-05          0.0000000E+00          0.0000000E+00          2.5438600E-03          0.0000000E+00          0.0000000E+00          0.0000000E+00          1.0000000E+00          0.0000000E+00
      3.112789E-02           0.0000000E+00          0.0000000E+00          0.0000000E+00          0.0000000E+00          0.0000000E+00          0.0000000E+00          0.0000000E+00          0.0000000E+00          1.0000000E+00
! f functions
H    6    6
      5.920533E+00           1.0000000E+00          0.0000000E+00          0.0000000E+00          0.0000000E+00          0.0000000E+00          0.0000000E+00
      2.480678E+00           0.0000000E+00          1.0000000E+00          0.0000000E+00          0.0000000E+00          0.0000000E+00          0.0000000E+00
      1.039394E+00           0.0000000E+00          0.0000000E+00          1.0000000E+00          0.0000000E+00          0.0000000E+00          0.0000000E+00
      4.335653E-01           0.0000000E+00          0.0000000E+00          0.0000000E+00          1.0000000E+00          0.0000000E+00          0.0000000E+00
      1.781987E-01           0.0000000E+00          0.0000000E+00          0.0000000E+00          0.0000000E+00          1.0000000E+00          0.0000000E+00
      7.343021E-02           0.0000000E+00          0.0000000E+00          0.0000000E+00          0.0000000E+00          0.0000000E+00          1.0000000E+00
! g functions
H    4    4
      3.373318E+00           1.0000000E+00          0.0000000E+00          0.0000000E+00          0.0000000E+00
      1.084357E+00           0.0000000E+00          1.0000000E+00          0.0000000E+00          0.0000000E+00
      3.766360E-01           0.0000000E+00          0.0000000E+00          1.0000000E+00          0.0000000E+00
      1.720623E-01           0.0000000E+00          0.0000000E+00          0.0000000E+00          1.0000000E+00
! h functions
H    1    1
      1.167706E+00           1.0000000E+00
a 51
! ANTIMONY       (31s,24p,18d,6f,4g,1h) -> [12s,11p,9d,6f,4g,1h]
! s functions
H    31    12
      5.008968E+08           3.7985700E-05         -1.3082300E-05          0.0000000E+00          5.8038800E-06          0.0000000E+00          0.0000000E+00         -2.5570900E-06          8.1176200E-07          0.0000000E+00          0.0000000E+00          0.0000000E+00          0.0000000E+00
      7.522338E+07           1.0343600E-04         -3.5621500E-05          0.0000000E+00          1.5803300E-05          0.0000000E+00          0.0000000E+00         -6.9626500E-06          2.2103200E-06          0.0000000E+00          0.0000000E+00          0.0000000E+00          0.0000000E+00
      1.636298E+07           2.5928700E-04         -8.9326800E-05          0.0000000E+00          3.9631000E-05          0.0000000E+00          0.0000000E+00         -1.7460900E-05          5.5431100E-06          0.0000000E+00          0.0000000E+00          0.0000000E+00          0.0000000E+00
      4.711727E+06           5.1647800E-04         -1.7807600E-04          0.0000000E+00          7.9017200E-05          0.0000000E+00          0.0000000E+00         -3.4814700E-05          1.1052000E-05          0.0000000E+00          0.0000000E+00          0.0000000E+00          0.0000000E+00
      1.666284E+06           9.3943400E-04         -3.2434900E-04          0.0000000E+00          1.4394300E-04          0.0000000E+00          0.0000000E+00         -6.3423900E-05          2.0135200E-05          0.0000000E+00          0.0000000E+00          0.0000000E+00          0.0000000E+00
      6.807730E+05           1.5865500E-03         -5.4885800E-04          0.0000000E+00          2.4367800E-04          0.0000000E+00          0.0000000E+00         -1.0737300E-04          3.4084500E-05          0.0000000E+00          0.0000000E+00          0.0000000E+00          0.0000000E+00
      3.060661E+05           2.6497300E-03         -9.1931400E-04          0.0000000E+00          4.0822300E-04          0.0000000E+00          0.0000000E+00         -1.7990000E-04          5.7120200E-05          0.0000000E+00          0.0000000E+00          0.0000000E+00          0.0000000E+00
      1.458665E+05           4.4264600E-03         -1.5418200E-03          0.0000000E+00          6.8532400E-04          0.0000000E+00          0.0000000E+00         -3.0202900E-04          9.5865800E-05          0.0000000E+00          0.0000000E+00          0.0000000E+00          0.0000000E+00
      7.170258E+04           7.6072700E-03         -2.6655300E-03          0.0000000E+00          1.1850900E-03          0.0000000E+00          0.0000000E+00         -5.2243600E-04          1.6591700E-04          0.0000000E+00          0.0000000E+00          0.0000000E+00          0.0000000E+00
      3.568287E+04           1.3463500E-02         -4.7579800E-03          0.0000000E+00          2.1197600E-03          0.0000000E+00          0.0000000E+00         -9.3455700E-04          2.9660800E-04          0.0000000E+00          0.0000000E+00          0.0000000E+00          0.0000000E+00
      1.777801E+04           2.4699000E-02         -8.8482400E-03          0.0000000E+00          3.9459900E-03          0.0000000E+00          0.0000000E+00         -1.7408000E-03          5.5299300E-04          0.0000000E+00          0.0000000E+00          0.0000000E+00          0.0000000E+00
      8.823778E+03           4.6537000E-02         -1.7037900E-02          0.0000000E+00          7.6311400E-03          0.0000000E+00          0.0000000E+00         -3.3678600E-03          1.0690000E-03          0.0000000E+00          0.0000000E+00          0.0000000E+00          0.0000000E+00
      4.362869E+03           8.8267300E-02         -3.3549900E-02          0.0000000E+00          1.5092200E-02          0.0000000E+00          0.0000000E+00         -6.6704500E-03          2.1198600E-03          0.0000000E+00          0.0000000E+00          0.0000000E+00          0.0000000E+00
      2.156916E+03           1.6033700E-01         -6.5139200E-02          0.0000000E+00          2.9640100E-02          0.0000000E+00          0.0000000E+00         -1.3122900E-02          4.1674800E-03          0.0000000E+00          0.0000000E+00          0.0000000E+00          0.0000000E+00
      1.072718E+03           2.5452300E-01         -1.1687300E-01          0.0000000E+00          5.4117300E-02          0.0000000E+00          0.0000000E+00         -2.4066400E-02          7.6585400E-03          0.0000000E+00          0.0000000E+00          0.0000000E+00          0.0000000E+00
      5.406026E+02           3.0160200E-01         -1.7078600E-01          0.0000000E+00          8.2085400E-02          0.0000000E+00          0.0000000E+00         -3.6747700E-02          1.1688700E-02          0.0000000E+00          0.0000000E+00          0.0000000E+00          0.0000000E+00
      2.780436E+02           2.0932500E-01         -1.4764000E-01          0.0000000E+00          7.4162800E-02          0.0000000E+00          0.0000000E+00         -3.3611300E-02          1.0756100E-02          0.0000000E+00          0.0000000E+00          0.0000000E+00          0.0000000E+00
      1.467896E+02           5.9684200E-02          6.3323800E-02          0.0000000E+00         -4.0545400E-02          0.0000000E+00          0.0000000E+00          1.9298600E-02         -6.2852800E-03          0.0000000E+00          0.0000000E+00          0.0000000E+00          0.0000000E+00
      7.979686E+01           4.6815000E-03          3.9676200E-01          0.0000000E+00         -2.9926200E-01          0.0000000E+00          0.0000000E+00          1.4743400E-01         -4.7643800E-02          0.0000000E+00          0.0000000E+00          0.0000000E+00          0.0000000E+00
      4.463239E+01          -3.2229900E-06          4.6259900E-01          0.0000000E+00         -4.6253400E-01          0.0000000E+00          0.0000000E+00          2.4315300E-01         -8.0120500E-02          0.0000000E+00          0.0000000E+00          0.0000000E+00          0.0000000E+00
      2.553357E+01           2.4338100E-04          2.1102500E-01          0.0000000E+00         -2.1530400E-01          0.0000000E+00          0.0000000E+00          1.1833900E-01         -3.8869500E-02          0.0000000E+00          0.0000000E+00          0.0000000E+00          0.0000000E+00
      1.475710E+01          -2.8094900E-04          3.4973500E-02          0.0000000E+00          3.8845600E-01          0.0000000E+00          0.0000000E+00         -2.6304000E-01          8.9893300E-02          0.0000000E+00          0.0000000E+00          0.0000000E+00          0.0000000E+00
      8.445178E+00           1.3857900E-04          1.7405900E-03          1.0000000E+00          7.0213700E-01          0.0000000E+00          0.0000000E+00         -7.5933900E-01          0.0000000E+00          0.0000000E+00          0.0000000E+00          0.0000000E+00          0.0000000E+00
      4.648741E+00          -8.6605700E-05          2.9920300E-04          0.0000000E+00          2.7722800E-01          0.0000000E+00          0.0000000E+00         -2.7491300E-01          9.0958500E-02          0.0000000E+00          0.0000000E+00          0.0000000E+00          0.0000000E+00
      2.366696E+00           4.9767900E-05         -3.0284200E-04          0.0000000E+00          2.0027900E-02          1.0000000E+00          0.0000000E+00          7.0186700E-01          0.0000000E+00          0.0000000E+00          0.0000000E+00          0.0000000E+00          0.0000000E+00
      1.210517E+00          -2.4378000E-05          3.2302900E-05          0.0000000E+00          2.1536600E-03          0.0000000E+00          1.0000000E+00          6.6758200E-01          0.0000000E+00          0.0000000E+00          0.0000000E+00          0.0000000E+00          0.0000000E+00
      5.704940E-01           1.4416100E-05         -4.8657800E-05          0.0000000E+00         -1.9510300E-04          0.0000000E+00          0.0000000E+00          1.0589500E-01         -1.2195200E-01          0.0000000E+00          0.0000000E+00          0.0000000E+00          0.0000000E+00
      3.039497E-01          -7.8858500E-06          2.6169700E-05          0.0000000E+00          1.8503100E-04          0.0000000E+00          0.0000000E+00         -4.9252700E-03          0.0000000E+00          1.0000000E+00          0.0000000E+00          0.0000000E+00          0.0000000E+00
      1.393178E-01           2.6859000E-06         -7.8334200E-06          0.0000000E+00         -8.9924500E-05          0.0000000E+00          0.0000000E+00          1.9116900E-03          0.0000000E+00          0.0000000E+00          1.0000000E+00          0.0000000E+00          0.0000000E+00
      6.319811E-02          -6.4974900E-07          2.1763500E-06          0.0000000E+00          1.5864900E-05          0.0000000E+00          0.0000000E+00         -2.4832800E-04          0.0000000E+00          0.0000000E+00          0.0000000E+00          1.0000000E+00          0.0000000E+00
      2.573812E-02           0.0000000E+00          0.0000000E+00          0.0000000E+00          0.0000000E+00          0.0000000E+00          0.0000000E+00          0.0000000E+00          0.0000000E+00          0.0000000E+00          0.0000000E+00          0.0000000E+00          1.0000000E+00
! p functions
H    24    11
      9.420235E+06           6.7485300E-06         -3.4344200E-07         -3.1301400E-06          0.0000000E+00          0.0000000E+00         -1.3258500E-06          0.0000000E+00          0.0000000E+00          0.0000000E+00          0.0000000E+00          0.0000000E+00
      1.410372E+06           2.3439400E-05         -1.1937200E-06         -1.0879000E-05          0.0000000E+00          0.0000000E+00         -4.6087100E-06          0.0000000E+00          0.0000000E+00          0.0000000E+00          0.0000000E+00          0.0000000E+00
      2.910025E+05           7.7559000E-05         -3.9545600E-06         -3.6025900E-05          0.0000000E+00          0.0000000E+00         -1.5263500E-05          0.0000000E+00          0.0000000E+00          0.0000000E+00          0.0000000E+00          0.0000000E+00
      7.689320E+04           2.3480400E-04         -1.1994200E-05         -1.0927300E-04          0.0000000E+00          0.0000000E+00         -4.6317100E-05          0.0000000E+00          0.0000000E+00          0.0000000E+00          0.0000000E+00          0.0000000E+00
      2.452237E+04           7.0016500E-04         -3.5865300E-05         -3.2634700E-04          0.0000000E+00          0.0000000E+00         -1.3835200E-04          0.0000000E+00          0.0000000E+00          0.0000000E+00          0.0000000E+00          0.0000000E+00
      9.007132E+03           2.0860800E-03         -1.0729400E-04         -9.7672100E-04          0.0000000E+00          0.0000000E+00         -4.1449400E-04          0.0000000E+00          0.0000000E+00          0.0000000E+00          0.0000000E+00          0.0000000E+00
      3.675624E+03           6.2191000E-03         -3.2215000E-04         -2.9240400E-03          0.0000000E+00          0.0000000E+00         -1.2416800E-03          0.0000000E+00          0.0000000E+00          0.0000000E+00          0.0000000E+00          0.0000000E+00
      1.622422E+03           1.8093300E-02         -9.4843700E-04         -8.6071300E-03          0.0000000E+00          0.0000000E+00         -3.6639400E-03          0.0000000E+00          0.0000000E+00          0.0000000E+00          0.0000000E+00          0.0000000E+00
      7.598761E+02           4.9274900E-02         -2.6428600E-03         -2.3828100E-02          0.0000000E+00          0.0000000E+00         -1.0174000E-02          0.0000000E+00          0.0000000E+00          0.0000000E+00          0.0000000E+00          0.0000000E+00
      3.726566E+02           1.1822100E-01         -6.5911900E-03         -5.9156500E-02          0.0000000E+00          0.0000000E+00         -2.5434300E-02          0.0000000E+00          0.0000000E+00          0.0000000E+00          0.0000000E+00          0.0000000E+00
      1.896613E+02           2.2974800E-01         -1.3553900E-02         -1.1995000E-01          0.0000000E+00          0.0000000E+00         -5.2008900E-02          0.0000000E+00          0.0000000E+00          0.0000000E+00          0.0000000E+00          0.0000000E+00
      9.954948E+01           3.2773600E-01         -2.0699000E-02         -1.8136900E-01          0.0000000E+00          0.0000000E+00         -7.9764300E-02          0.0000000E+00          0.0000000E+00          0.0000000E+00          0.0000000E+00          0.0000000E+00
      5.360894E+01           2.8826700E-01         -1.5143800E-02         -1.3825700E-01          0.0000000E+00          0.0000000E+00         -5.7871800E-02          0.0000000E+00          0.0000000E+00          0.0000000E+00          0.0000000E+00          0.0000000E+00
      2.944939E+01           1.2727100E-01          1.7588300E-02          9.2204100E-02          0.0000000E+00          0.0000000E+00          6.2297600E-02          0.0000000E+00          0.0000000E+00          0.0000000E+00          0.0000000E+00          0.0000000E+00
      1.637219E+01           2.2527600E-02          6.6084900E-02          3.9551900E-01          0.0000000E+00          0.0000000E+00          2.4348500E-01          0.0000000E+00          0.0000000E+00          0.0000000E+00          0.0000000E+00          0.0000000E+00
      9.103757E+00           1.1950100E-03          9.1441600E-02          4.5147200E-01          0.0000000E+00          0.0000000E+00          3.2032800E-01          0.0000000E+00          0.0000000E+00          0.0000000E+00          0.0000000E+00          0.0000000E+00
      4.976716E+00           1.4879500E-04          0.0000000E+00          1.8002500E-01          1.0000000E+00          0.0000000E+00         -4.0656000E-02          0.0000000E+00          0.0000000E+00          0.0000000E+00          0.0000000E+00          0.0000000E+00
      2.610511E+00          -1.6412700E-04          0.0000000E+00          2.0692600E-02          0.0000000E+00          1.0000000E+00         -5.0040300E-01          0.0000000E+00          0.0000000E+00          0.0000000E+00          0.0000000E+00          0.0000000E+00
      1.343267E+00           1.5195900E-06          0.0000000E+00          1.1163700E-03          0.0000000E+00          0.0000000E+00         -4.8432500E-01          1.0000000E+00          0.0000000E+00          0.0000000E+00          0.0000000E+00          0.0000000E+00
      6.708941E-01          -2.5269400E-05         -4.1560300E-03          2.3090900E-04          0.0000000E+00          0.0000000E+00         -1.4637200E-01          0.0000000E+00          0.0000000E+00          0.0000000E+00          0.0000000E+00          0.0000000E+00
      2.857567E-01           6.7879900E-06          0.0000000E+00         -3.3524800E-05          0.0000000E+00          0.0000000E+00         -8.6622500E-03          0.0000000E+00          1.0000000E+00          0.0000000E+00          0.0000000E+00          0.0000000E+00
      1.238459E-01          -2.7815500E-06          0.0000000E+00          5.6342100E-06          0.0000000E+00          0.0000000E+00         -2.1452000E-04          0.0000000E+00          0.0000000E+00          1.0000000E+00          0.0000000E+00          0.0000000E+00
      5.194964E-02           9.1272500E-07          0.0000000E+00         -2.6271900E-06          0.0000000E+00          0.0000000E+00          9.0923500E-06          0.0000000E+00          0.0000000E+00          0.0000000E+00          1.0000000E+00          0.0000000E+00
      1.977260E-02           0.0000000E+00          0.0000000E+00          0.0000000E+00          0.0000000E+00          0.0000000E+00          0.0000000E+00          0.0000000E+00          0.0000000E+00          0.0000000E+00          0.0000000E+00          1.0000000E+00
! d functions
H    18    9
      1.030422E+04           2.8609700E-05          0.0000000E+00          0.0000000E+00          1.1028100E-05          0.0000000E+00          0.0000000E+00          0.0000000E+00          0.0000000E+00          0.0000000E+00
      2.839912E+03           2.1794500E-04          0.0000000E+00          0.0000000E+00          8.4097300E-05          0.0000000E+00          0.0000000E+00          0.0000000E+00          0.0000000E+00          0.0000000E+00
      1.022855E+03           1.2937800E-03          0.0000000E+00          0.0000000E+00          5.0021500E-04          0.0000000E+00          0.0000000E+00          0.0000000E+00          0.0000000E+00          0.0000000E+00
      4.380632E+02           5.8722700E-03          0.0000000E+00          0.0000000E+00          2.2789400E-03          0.0000000E+00          0.0000000E+00          0.0000000E+00          0.0000000E+00          0.0000000E+00
      2.089749E+02           2.1215400E-02          0.0000000E+00          0.0000000E+00          8.2804200E-03          0.0000000E+00          0.0000000E+00          0.0000000E+00          0.0000000E+00          0.0000000E+00
      1.064573E+02           6.1067000E-02          0.0000000E+00          0.0000000E+00          2.4066500E-02          0.0000000E+00          0.0000000E+00          0.0000000E+00          0.0000000E+00          0.0000000E+00
      5.649063E+01           1.4210700E-01          0.0000000E+00          0.0000000E+00          5.6832200E-02          0.0000000E+00          0.0000000E+00          0.0000000E+00          0.0000000E+00          0.0000000E+00
      3.080626E+01           2.4755100E-01          0.0000000E+00          0.0000000E+00          9.8311100E-02          0.0000000E+00          0.0000000E+00          0.0000000E+00          0.0000000E+00          0.0000000E+00
      1.712734E+01           3.1847000E-01          0.0000000E+00          0.0000000E+00          1.2103900E-01          0.0000000E+00          0.0000000E+00          0.0000000E+00          0.0000000E+00          0.0000000E+00
      9.626763E+00           2.7655700E-01          0.0000000E+00          0.0000000E+00          7.6506500E-02          0.0000000E+00          0.0000000E+00          0.0000000E+00          0.0000000E+00          0.0000000E+00
      5.390451E+00           1.3235800E-01          0.0000000E+00          0.0000000E+00         -1.0158000E-01          0.0000000E+00          0.0000000E+00          0.0000000E+00          0.0000000E+00          0.0000000E+00
      2.927130E+00           2.8599300E-02          1.0000000E+00          0.0000000E+00         -3.0921200E-01          0.0000000E+00          0.0000000E+00          0.0000000E+00          0.0000000E+00          0.0000000E+00
      1.563359E+00           1.3164000E-03          0.0000000E+00          1.0000000E+00         -3.7814900E-01          0.0000000E+00          0.0000000E+00          0.0000000E+00          0.0000000E+00          0.0000000E+00
      8.296634E-01           4.1639900E-04          0.0000000E+00          0.0000000E+00         -2.7115800E-01          1.0000000E+00          0.0000000E+00          0.0000000E+00          0.0000000E+00          0.0000000E+00
      4.367160E-01          -1.8388600E-04          0.0000000E+00          0.0000000E+00         -1.1061200E-01          0.0000000E+00          1.0000000E+00          0.0000000E+00          0.0000000E+00          0.0000000E+00
      2.247972E-01           6.1900600E-05          0.0000000E+00          0.0000000E+00         -2.2526500E-02          0.0000000E+00          0.0000000E+00          1.0000000E+00          0.0000000E+00          0.0000000E+00
      1.008692E-01          -1.9160300E-05          0.0000000E+00          0.0000000E+00         -1.6856200E-03          0.0000000E+00          0.0000000E+00          0.0000000E+00          1.0000000E+00          0.0000000E+00
      4.045353E-02           0.0000000E+00          0.0000000E+00          0.0000000E+00          0.0000000E+00          0.0000000E+00          0.0000000E+00          0.0000000E+00          0.0000000E+00          1.0000000E+00
! f functions
H    6    6
      6.430270E+00           1.0000000E+00          0.0000000E+00          0.0000000E+00          0.0000000E+00          0.0000000E+00          0.0000000E+00
      2.728400E+00           0.0000000E+00          1.0000000E+00          0.0000000E+00          0.0000000E+00          0.0000000E+00          0.0000000E+00
      1.157676E+00           0.0000000E+00          0.0000000E+00          1.0000000E+00          0.0000000E+00          0.0000000E+00          0.0000000E+00
      4.834592E-01           0.0000000E+00          0.0000000E+00          0.0000000E+00          1.0000000E+00          0.0000000E+00          0.0000000E+00
      2.043191E-01           0.0000000E+00          0.0000000E+00          0.0000000E+00          0.0000000E+00          1.0000000E+00          0.0000000E+00
      8.269091E-02           0.0000000E+00          0.0000000E+00          0.0000000E+00          0.0000000E+00          0.0000000E+00          1.0000000E+00
! g functions
H    4    4
      3.650309E+00           1.0000000E+00          0.0000000E+00          0.0000000E+00          0.0000000E+00
      1.196721E+00           0.0000000E+00          1.0000000E+00          0.0000000E+00          0.0000000E+00
      4.233865E-01           0.0000000E+00          0.0000000E+00          1.0000000E+00          0.0000000E+00
      1.840649E-01           0.0000000E+00          0.0000000E+00          0.0000000E+00          1.0000000E+00
! h functions
H    1    1
      1.284393E+00           1.0000000E+00
a 52
! TELLURIUM       (31s,24p,18d,6f,4g,1h) -> [12s,11p,9d,6f,4g,1h]
! s functions
H    31    12
      5.759137E+08           3.6848500E-05         -1.2740900E-05          0.0000000E+00          5.6769700E-06          0.0000000E+00          0.0000000E+00         -2.5315500E-06          8.4285900E-07          0.0000000E+00          0.0000000E+00          0.0000000E+00          0.0000000E+00
      8.666573E+07           1.0028100E-04         -3.4670100E-05          0.0000000E+00          1.5447900E-05          0.0000000E+00          0.0000000E+00         -6.8887000E-06          2.2935200E-06          0.0000000E+00          0.0000000E+00          0.0000000E+00          0.0000000E+00
      1.872853E+07           2.5353200E-04         -8.7682400E-05          0.0000000E+00          3.9070000E-05          0.0000000E+00          0.0000000E+00         -1.7422800E-05          5.8008000E-06          0.0000000E+00          0.0000000E+00          0.0000000E+00          0.0000000E+00
      5.322278E+06           5.1221300E-04         -1.7728200E-04          0.0000000E+00          7.9004600E-05          0.0000000E+00          0.0000000E+00         -3.5231800E-05          1.1730000E-05          0.0000000E+00          0.0000000E+00          0.0000000E+00          0.0000000E+00
      1.848743E+06           9.4681400E-04         -3.2814600E-04          0.0000000E+00          1.4626000E-04          0.0000000E+00          0.0000000E+00         -6.5227700E-05          2.1717700E-05          0.0000000E+00          0.0000000E+00          0.0000000E+00          0.0000000E+00
      7.396282E+05           1.6293800E-03         -5.6583600E-04          0.0000000E+00          2.5229100E-04          0.0000000E+00          0.0000000E+00         -1.1251800E-04          3.7461000E-05          0.0000000E+00          0.0000000E+00          0.0000000E+00          0.0000000E+00
      3.251287E+05           2.7676900E-03         -9.6399800E-04          0.0000000E+00          4.2996000E-04          0.0000000E+00          0.0000000E+00         -1.9178200E-04          6.3860300E-05          0.0000000E+00          0.0000000E+00          0.0000000E+00          0.0000000E+00
      1.514855E+05           4.6992000E-03         -1.6434900E-03          0.0000000E+00          7.3359600E-04          0.0000000E+00          0.0000000E+00         -3.2723300E-04          1.0894100E-04          0.0000000E+00          0.0000000E+00          0.0000000E+00          0.0000000E+00
      7.287892E+04           8.1796700E-03         -2.8787100E-03          0.0000000E+00          1.2857800E-03          0.0000000E+00          0.0000000E+00         -5.7372200E-04          1.9107200E-04          0.0000000E+00          0.0000000E+00          0.0000000E+00          0.0000000E+00
      3.557198E+04           1.4628300E-02         -5.1951000E-03          0.0000000E+00          2.3243600E-03          0.0000000E+00          0.0000000E+00         -1.0372500E-03          3.4531300E-04          0.0000000E+00          0.0000000E+00          0.0000000E+00          0.0000000E+00
      1.743487E+04           2.7019400E-02         -9.7368700E-03          0.0000000E+00          4.3637100E-03          0.0000000E+00          0.0000000E+00         -1.9486200E-03          6.4912000E-04          0.0000000E+00          0.0000000E+00          0.0000000E+00          0.0000000E+00
      8.544374E+03           5.1035100E-02         -1.8825700E-02          0.0000000E+00          8.4710300E-03          0.0000000E+00          0.0000000E+00         -3.7844700E-03          1.2600900E-03          0.0000000E+00          0.0000000E+00          0.0000000E+00          0.0000000E+00
      4.188953E+03           9.6358800E-02         -3.7015200E-02          0.0000000E+00          1.6746400E-02          0.0000000E+00          0.0000000E+00         -7.4934500E-03          2.4973200E-03          0.0000000E+00          0.0000000E+00          0.0000000E+00          0.0000000E+00
      2.062630E+03           1.7225200E-01         -7.1097900E-02          0.0000000E+00          3.2546200E-02          0.0000000E+00          0.0000000E+00         -1.4591300E-02          4.8613100E-03          0.0000000E+00          0.0000000E+00          0.0000000E+00          0.0000000E+00
      1.026404E+03           2.6445800E-01         -1.2448700E-01          0.0000000E+00          5.8125100E-02          0.0000000E+00          0.0000000E+00         -2.6186200E-02          8.7398100E-03          0.0000000E+00          0.0000000E+00          0.0000000E+00          0.0000000E+00
      5.198756E+02           2.9588800E-01         -1.7311400E-01          0.0000000E+00          8.3998000E-02          0.0000000E+00          0.0000000E+00         -3.8110400E-02          1.2721400E-02          0.0000000E+00          0.0000000E+00          0.0000000E+00          0.0000000E+00
      2.698531E+02           1.8922800E-01         -1.3260000E-01          0.0000000E+00          6.7225200E-02          0.0000000E+00          0.0000000E+00         -3.0893800E-02          1.0369700E-02          0.0000000E+00          0.0000000E+00          0.0000000E+00          0.0000000E+00
      1.443030E+02           4.8768400E-02          9.3742100E-02          0.0000000E+00         -6.0166800E-02          0.0000000E+00          0.0000000E+00          2.9000800E-02         -9.8581700E-03          0.0000000E+00          0.0000000E+00          0.0000000E+00          0.0000000E+00
      7.968443E+01           3.7311700E-03          4.0682500E-01          0.0000000E+00         -3.1509200E-01          0.0000000E+00          0.0000000E+00          1.5813500E-01         -5.3750800E-02          0.0000000E+00          0.0000000E+00          0.0000000E+00          0.0000000E+00
      4.535861E+01          -1.3260600E-04          4.4059300E-01          0.0000000E+00         -4.4974400E-01          0.0000000E+00          0.0000000E+00          2.4056800E-01         -8.3215300E-02          0.0000000E+00          0.0000000E+00          0.0000000E+00          0.0000000E+00
      2.642573E+01           3.0829500E-04          1.9960600E-01          0.0000000E+00         -1.9922000E-01          0.0000000E+00          0.0000000E+00          1.1143500E-01         -3.8727500E-02          0.0000000E+00          0.0000000E+00          0.0000000E+00          0.0000000E+00
      1.554077E+01          -3.1802100E-04          3.4333800E-02          0.0000000E+00          3.7803500E-01          0.0000000E+00          0.0000000E+00         -2.6082400E-01          9.4324000E-02          0.0000000E+00          0.0000000E+00          0.0000000E+00          0.0000000E+00
      9.027051E+00           1.5452200E-04          2.0833800E-03          1.0000000E+00          6.9471700E-01          0.0000000E+00          0.0000000E+00         -7.5902700E-01          0.0000000E+00          0.0000000E+00          0.0000000E+00          0.0000000E+00          0.0000000E+00
      5.021099E+00          -9.0896500E-05          1.7469700E-04          0.0000000E+00          2.9248800E-01          0.0000000E+00          0.0000000E+00         -3.0424700E-01          1.0973600E-01          0.0000000E+00          0.0000000E+00          0.0000000E+00          0.0000000E+00
      2.565858E+00           5.0310500E-05         -2.4010400E-04          0.0000000E+00          2.3288300E-02          1.0000000E+00          0.0000000E+00          6.9387800E-01          0.0000000E+00          0.0000000E+00          0.0000000E+00          0.0000000E+00          0.0000000E+00
      1.320779E+00          -2.3826400E-05         -1.1288800E-05          0.0000000E+00          2.0272500E-03          0.0000000E+00          1.0000000E+00          6.9334200E-01          0.0000000E+00          0.0000000E+00          0.0000000E+00          0.0000000E+00          0.0000000E+00
      5.972022E-01           1.5599600E-05         -2.6632800E-05          0.0000000E+00         -1.8790100E-04          0.0000000E+00          0.0000000E+00          1.0939300E-01         -1.3458300E-01          0.0000000E+00          0.0000000E+00          0.0000000E+00          0.0000000E+00
      3.509706E-01          -9.6657700E-06          1.7055500E-05          0.0000000E+00          1.8632100E-04          0.0000000E+00          0.0000000E+00         -1.2411800E-02          0.0000000E+00          1.0000000E+00          0.0000000E+00          0.0000000E+00          0.0000000E+00
      1.617473E-01           2.8439400E-06         -3.2877200E-06          0.0000000E+00         -9.7082600E-05          0.0000000E+00          0.0000000E+00          3.2995200E-03          0.0000000E+00          0.0000000E+00          1.0000000E+00          0.0000000E+00          0.0000000E+00
      7.338029E-02          -6.5607200E-07          1.2029600E-06          0.0000000E+00          1.3782100E-05          0.0000000E+00          0.0000000E+00         -4.3846900E-04          0.0000000E+00          0.0000000E+00          0.0000000E+00          1.0000000E+00          0.0000000E+00
      2.918354E-02           0.0000000E+00          0.0000000E+00          0.0000000E+00          0.0000000E+00          0.0000000E+00          0.0000000E+00          0.0000000E+00          0.0000000E+00          0.0000000E+00          0.0000000E+00          0.0000000E+00          1.0000000E+00
! p functions
H    24    11
      9.522977E+06           7.2501400E-06         -3.3817100E-06          0.0000000E+00         -4.0433200E-07          0.0000000E+00         -1.4553200E-06          0.0000000E+00          0.0000000E+00          0.0000000E+00          0.0000000E+00          0.0000000E+00
      1.441694E+06           2.4896800E-05         -1.1620400E-05          0.0000000E+00         -1.3896000E-06          0.0000000E+00         -5.0016100E-06          0.0000000E+00          0.0000000E+00          0.0000000E+00          0.0000000E+00          0.0000000E+00
      2.982252E+05           8.2359300E-05         -3.8473800E-05          0.0000000E+00         -4.6016700E-06          0.0000000E+00         -1.6561500E-05          0.0000000E+00          0.0000000E+00          0.0000000E+00          0.0000000E+00          0.0000000E+00
      7.853973E+04           2.5006700E-04         -1.1703700E-04          0.0000000E+00         -1.4004000E-05          0.0000000E+00         -5.0404000E-05          0.0000000E+00          0.0000000E+00          0.0000000E+00          0.0000000E+00          0.0000000E+00
      2.487398E+04           7.5071500E-04         -3.5197800E-04          0.0000000E+00         -4.2134000E-05          0.0000000E+00         -1.5160800E-04          0.0000000E+00          0.0000000E+00          0.0000000E+00          0.0000000E+00          0.0000000E+00
      9.057015E+03           2.2564600E-03         -1.0627000E-03          0.0000000E+00         -1.2733200E-04          0.0000000E+00         -4.5827000E-04          0.0000000E+00          0.0000000E+00          0.0000000E+00          0.0000000E+00          0.0000000E+00
      3.662844E+03           6.7927700E-03         -3.2143600E-03          0.0000000E+00         -3.8560500E-04          0.0000000E+00         -1.3869100E-03          0.0000000E+00          0.0000000E+00          0.0000000E+00          0.0000000E+00          0.0000000E+00
      1.603586E+03           1.9896600E-02         -9.5289800E-03          0.0000000E+00         -1.1461000E-03          0.0000000E+00         -4.1230300E-03          0.0000000E+00          0.0000000E+00          0.0000000E+00          0.0000000E+00          0.0000000E+00
      7.460915E+02           5.4255800E-02         -2.6455100E-02          0.0000000E+00         -3.1957200E-03          0.0000000E+00         -1.1482000E-02          0.0000000E+00          0.0000000E+00          0.0000000E+00          0.0000000E+00          0.0000000E+00
      3.642023E+02           1.2881600E-01         -6.5081800E-02          0.0000000E+00         -7.9253500E-03          0.0000000E+00         -2.8464200E-02          0.0000000E+00          0.0000000E+00          0.0000000E+00          0.0000000E+00          0.0000000E+00
      1.848879E+02           2.4443800E-01         -1.2914300E-01          0.0000000E+00         -1.5903000E-02          0.0000000E+00         -5.6973000E-02          0.0000000E+00          0.0000000E+00          0.0000000E+00          0.0000000E+00          0.0000000E+00
      9.698302E+01           3.3360000E-01         -1.8630300E-01          0.0000000E+00         -2.3299500E-02          0.0000000E+00         -8.3408700E-02          0.0000000E+00          0.0000000E+00          0.0000000E+00          0.0000000E+00          0.0000000E+00
      5.226988E+01           2.7326300E-01         -1.2137100E-01          0.0000000E+00         -1.3755700E-02          0.0000000E+00         -4.9800400E-02          0.0000000E+00          0.0000000E+00          0.0000000E+00          0.0000000E+00          0.0000000E+00
      2.875851E+01           1.0967200E-01          1.2971300E-01          0.0000000E+00          2.4901100E-02          0.0000000E+00          8.4109700E-02          0.0000000E+00          0.0000000E+00          0.0000000E+00          0.0000000E+00          0.0000000E+00
      1.600936E+01           1.6976000E-02          4.2633300E-01          0.0000000E+00          8.1108500E-02          0.0000000E+00          2.7348300E-01          0.0000000E+00          0.0000000E+00          0.0000000E+00          0.0000000E+00          0.0000000E+00
      8.901291E+00           8.2038400E-04          4.2791100E-01          0.0000000E+00          9.2661600E-02          0.0000000E+00          3.0703600E-01          0.0000000E+00          0.0000000E+00          0.0000000E+00          0.0000000E+00          0.0000000E+00
      4.852067E+00           5.6298300E-05          1.4645800E-01          1.0000000E+00          0.0000000E+00          0.0000000E+00         -1.1817300E-01          0.0000000E+00          0.0000000E+00          0.0000000E+00          0.0000000E+00          0.0000000E+00
      2.526768E+00          -1.3983700E-04          1.4211500E-02          0.0000000E+00          0.0000000E+00          1.0000000E+00         -5.5019500E-01          0.0000000E+00          0.0000000E+00          0.0000000E+00          0.0000000E+00          0.0000000E+00
      1.293430E+00          -3.2179700E-06          7.3284500E-04          0.0000000E+00          0.0000000E+00          0.0000000E+00         -4.4047000E-01          1.0000000E+00          0.0000000E+00          0.0000000E+00          0.0000000E+00          0.0000000E+00
      6.288114E-01          -1.8332800E-05          1.7589500E-04          0.0000000E+00          7.3213100E-02          0.0000000E+00         -9.5419000E-02          0.0000000E+00          0.0000000E+00          0.0000000E+00          0.0000000E+00          0.0000000E+00
      2.937215E-01           6.7660400E-06         -6.6974800E-05          0.0000000E+00          0.0000000E+00          0.0000000E+00         -2.9008100E-03          0.0000000E+00          1.0000000E+00          0.0000000E+00          0.0000000E+00          0.0000000E+00
      1.297272E-01          -2.1282800E-06          8.9364000E-06          0.0000000E+00          0.0000000E+00          0.0000000E+00         -1.3977700E-03          0.0000000E+00          0.0000000E+00          1.0000000E+00          0.0000000E+00          0.0000000E+00
      5.506394E-02           8.3501000E-07         -7.3942400E-06          0.0000000E+00          0.0000000E+00          0.0000000E+00          7.9376200E-05          0.0000000E+00          0.0000000E+00          0.0000000E+00          1.0000000E+00          0.0000000E+00
      2.189894E-02           0.0000000E+00          0.0000000E+00          0.0000000E+00          0.0000000E+00          0.0000000E+00          0.0000000E+00          0.0000000E+00          0.0000000E+00          0.0000000E+00          0.0000000E+00          1.0000000E+00
! d functions
H    18    9
      1.351474E+04           2.0493100E-05          0.0000000E+00          0.0000000E+00         -8.1703000E-06          0.0000000E+00          0.0000000E+00          0.0000000E+00          0.0000000E+00          0.0000000E+00
      3.600160E+03           1.5940900E-04          0.0000000E+00          0.0000000E+00         -6.3590300E-05          0.0000000E+00          0.0000000E+00          0.0000000E+00          0.0000000E+00          0.0000000E+00
      1.258830E+03           9.8088600E-04          0.0000000E+00          0.0000000E+00         -3.9214100E-04          0.0000000E+00          0.0000000E+00          0.0000000E+00          0.0000000E+00          0.0000000E+00
      5.258444E+02           4.6586300E-03          0.0000000E+00          0.0000000E+00         -1.8683400E-03          0.0000000E+00          0.0000000E+00          0.0000000E+00          0.0000000E+00          0.0000000E+00
      2.458533E+02           1.7748500E-02          0.0000000E+00          0.0000000E+00         -7.1598800E-03          0.0000000E+00          0.0000000E+00          0.0000000E+00          0.0000000E+00          0.0000000E+00
      1.233466E+02           5.3453500E-02          0.0000000E+00          0.0000000E+00         -2.1752300E-02          0.0000000E+00          0.0000000E+00          0.0000000E+00          0.0000000E+00          0.0000000E+00
      6.477146E+01           1.2958700E-01          0.0000000E+00          0.0000000E+00         -5.3560900E-02          0.0000000E+00          0.0000000E+00          0.0000000E+00          0.0000000E+00          0.0000000E+00
      3.511868E+01           2.3528500E-01          0.0000000E+00          0.0000000E+00         -9.7023700E-02          0.0000000E+00          0.0000000E+00          0.0000000E+00          0.0000000E+00          0.0000000E+00
      1.950081E+01           3.1398800E-01          0.0000000E+00          0.0000000E+00         -1.2460500E-01          0.0000000E+00          0.0000000E+00          0.0000000E+00          0.0000000E+00          0.0000000E+00
      1.099532E+01           2.8860900E-01          0.0000000E+00          0.0000000E+00         -9.1070300E-02          0.0000000E+00          0.0000000E+00          0.0000000E+00          0.0000000E+00          0.0000000E+00
      6.202309E+00           1.5102900E-01          0.0000000E+00          0.0000000E+00          7.5950100E-02          0.0000000E+00          0.0000000E+00          0.0000000E+00          0.0000000E+00          0.0000000E+00
      3.406892E+00           3.7238700E-02          1.0000000E+00          0.0000000E+00          2.9423600E-01          0.0000000E+00          0.0000000E+00          0.0000000E+00          0.0000000E+00          0.0000000E+00
      1.829414E+00           2.3269900E-03          0.0000000E+00          1.0000000E+00          3.9194600E-01          0.0000000E+00          0.0000000E+00          0.0000000E+00          0.0000000E+00          0.0000000E+00
      9.615615E-01           3.9667700E-04          0.0000000E+00          0.0000000E+00          2.9314200E-01          1.0000000E+00          0.0000000E+00          0.0000000E+00          0.0000000E+00          0.0000000E+00
      4.848733E-01          -1.6278100E-04          0.0000000E+00          0.0000000E+00          1.1302300E-01          0.0000000E+00          1.0000000E+00          0.0000000E+00          0.0000000E+00          0.0000000E+00
      2.249995E-01           5.4440200E-05          0.0000000E+00          0.0000000E+00          1.5671100E-02          0.0000000E+00          0.0000000E+00          1.0000000E+00          0.0000000E+00          0.0000000E+00
      1.174331E-01          -2.4283300E-05          0.0000000E+00          0.0000000E+00          8.5360100E-04          0.0000000E+00          0.0000000E+00          0.0000000E+00          1.0000000E+00          0.0000000E+00
      6.324810E-02           0.0000000E+00          0.0000000E+00          0.0000000E+00          0.0000000E+00          0.0000000E+00          0.0000000E+00          0.0000000E+00          0.0000000E+00          1.0000000E+00
! f functions
H    6    6
      6.762460E+00           1.0000000E+00          0.0000000E+00          0.0000000E+00          0.0000000E+00          0.0000000E+00          0.0000000E+00
      2.917928E+00           0.0000000E+00          1.0000000E+00          0.0000000E+00          0.0000000E+00          0.0000000E+00          0.0000000E+00
      1.259054E+00           0.0000000E+00          0.0000000E+00          1.0000000E+00          0.0000000E+00          0.0000000E+00          0.0000000E+00
      5.190652E-01           0.0000000E+00          0.0000000E+00          0.0000000E+00          1.0000000E+00          0.0000000E+00          0.0000000E+00
      2.136175E-01           0.0000000E+00          0.0000000E+00          0.0000000E+00          0.0000000E+00          1.0000000E+00          0.0000000E+00
      9.364131E-02           0.0000000E+00          0.0000000E+00          0.0000000E+00          0.0000000E+00          0.0000000E+00          1.0000000E+00
! g functions
H    4    4
      3.892450E+00           1.0000000E+00          0.0000000E+00          0.0000000E+00          0.0000000E+00
      1.280569E+00           0.0000000E+00          1.0000000E+00          0.0000000E+00          0.0000000E+00
      4.296783E-01           0.0000000E+00          0.0000000E+00          1.0000000E+00          0.0000000E+00
      2.041973E-01           0.0000000E+00          0.0000000E+00          0.0000000E+00          1.0000000E+00
! h functions
H    1    1
      1.433147E+00           1.0000000E+00
a 53
! IODINE       (31s,24p,18d,6f,4g,1h) -> [12s,11p,9d,6f,4g,1h]
! s functions
H    31    12
      6.357480E+08           3.6872600E-05         -1.2799800E-05          0.0000000E+00          5.7270300E-06          0.0000000E+00         -8.9326500E-07          0.0000000E+00         -2.5833400E-06          0.0000000E+00          0.0000000E+00          0.0000000E+00          0.0000000E+00
      9.528006E+07           1.0058700E-04         -3.4912600E-05          0.0000000E+00          1.5620700E-05          0.0000000E+00         -2.4364000E-06          0.0000000E+00         -7.0461300E-06          0.0000000E+00          0.0000000E+00          0.0000000E+00          0.0000000E+00
      2.054339E+07           2.5391500E-04         -8.8157300E-05          0.0000000E+00          3.9445100E-05          0.0000000E+00         -6.1524600E-06          0.0000000E+00         -1.7793000E-05          0.0000000E+00          0.0000000E+00          0.0000000E+00          0.0000000E+00
      5.831884E+06           5.1199100E-04         -1.7789200E-04          0.0000000E+00          7.9606100E-05          0.0000000E+00         -1.2416800E-05          0.0000000E+00         -3.5909500E-05          0.0000000E+00          0.0000000E+00          0.0000000E+00          0.0000000E+00
      2.025098E+06           9.4385300E-04         -3.2837700E-04          0.0000000E+00          1.4697200E-04          0.0000000E+00         -2.2926000E-05          0.0000000E+00         -6.6300800E-05          0.0000000E+00          0.0000000E+00          0.0000000E+00          0.0000000E+00
      8.101825E+05           1.6195600E-03         -5.6457000E-04          0.0000000E+00          2.5277300E-04          0.0000000E+00         -3.9430800E-05          0.0000000E+00         -1.1403400E-04          0.0000000E+00          0.0000000E+00          0.0000000E+00          0.0000000E+00
      3.561475E+05           2.7426000E-03         -9.5886100E-04          0.0000000E+00          4.2944100E-04          0.0000000E+00         -6.7003000E-05          0.0000000E+00         -1.9375800E-04          0.0000000E+00          0.0000000E+00          0.0000000E+00          0.0000000E+00
      1.659030E+05           4.6418900E-03         -1.6294800E-03          0.0000000E+00          7.3036800E-04          0.0000000E+00         -1.1395500E-04          0.0000000E+00         -3.2955500E-04          0.0000000E+00          0.0000000E+00          0.0000000E+00          0.0000000E+00
      7.976734E+04           8.0528900E-03         -2.8443500E-03          0.0000000E+00          1.2756700E-03          0.0000000E+00         -1.9912500E-04          0.0000000E+00         -5.7576400E-04          0.0000000E+00          0.0000000E+00          0.0000000E+00          0.0000000E+00
      3.889197E+04           1.4349900E-02         -5.1139900E-03          0.0000000E+00          2.2975400E-03          0.0000000E+00         -3.5864200E-04          0.0000000E+00         -1.0371400E-03          0.0000000E+00          0.0000000E+00          0.0000000E+00          0.0000000E+00
      1.903133E+04           2.6407500E-02         -9.5467400E-03          0.0000000E+00          4.2959100E-03          0.0000000E+00         -6.7120000E-04          0.0000000E+00         -1.9404200E-03          0.0000000E+00          0.0000000E+00          0.0000000E+00          0.0000000E+00
      9.306833E+03           4.9725300E-02         -1.8391700E-02          0.0000000E+00          8.3093000E-03          0.0000000E+00         -1.2988000E-03          0.0000000E+00         -3.7551400E-03          0.0000000E+00          0.0000000E+00          0.0000000E+00          0.0000000E+00
      4.550847E+03           9.3787700E-02         -3.6083700E-02          0.0000000E+00          1.6388100E-02          0.0000000E+00         -2.5667200E-03          0.0000000E+00         -7.4172600E-03          0.0000000E+00          0.0000000E+00          0.0000000E+00          0.0000000E+00
      2.234106E+03           1.6821200E-01         -6.9386700E-02          0.0000000E+00          3.1878500E-02          0.0000000E+00         -5.0035600E-03          0.0000000E+00         -1.4456600E-02          0.0000000E+00          0.0000000E+00          0.0000000E+00          0.0000000E+00
      1.108092E+03           2.6090400E-01         -1.2222300E-01          0.0000000E+00          5.7238800E-02          0.0000000E+00         -9.0368900E-03          0.0000000E+00         -2.6079300E-02          0.0000000E+00          0.0000000E+00          0.0000000E+00          0.0000000E+00
      5.593301E+02           2.9772900E-01         -1.7244800E-01          0.0000000E+00          8.3863300E-02          0.0000000E+00         -1.3349800E-02          0.0000000E+00         -3.8483500E-02          0.0000000E+00          0.0000000E+00          0.0000000E+00          0.0000000E+00
      2.893399E+02           1.9644800E-01         -1.3757500E-01          0.0000000E+00          6.9887300E-02          0.0000000E+00         -1.1298700E-02          0.0000000E+00         -3.2468200E-02          0.0000000E+00          0.0000000E+00          0.0000000E+00          0.0000000E+00
      1.542179E+02           5.3000500E-02          8.2654100E-02          0.0000000E+00         -5.3615700E-02          0.0000000E+00          9.2035800E-03          0.0000000E+00          2.6172300E-02          0.0000000E+00          0.0000000E+00          0.0000000E+00          0.0000000E+00
      8.490718E+01           4.1812700E-03          4.0007100E-01          0.0000000E+00         -3.0917700E-01          0.0000000E+00          5.5558300E-02          0.0000000E+00          1.5695800E-01          0.0000000E+00          0.0000000E+00          0.0000000E+00          0.0000000E+00
      4.820998E+01          -1.0228000E-04          4.4663400E-01          0.0000000E+00         -4.5448000E-01          0.0000000E+00          8.8157400E-02          0.0000000E+00          2.4589000E-01          0.0000000E+00          0.0000000E+00          0.0000000E+00          0.0000000E+00
      2.803245E+01           3.0252100E-04          2.0690100E-01          0.0000000E+00         -2.1213200E-01          0.0000000E+00          4.4265800E-02          0.0000000E+00          1.2080200E-01          0.0000000E+00          0.0000000E+00          0.0000000E+00          0.0000000E+00
      1.646492E+01          -3.1852900E-04          3.6329400E-02          0.0000000E+00          3.7234900E-01          0.0000000E+00         -9.9536800E-02          0.0000000E+00         -2.6153000E-01          0.0000000E+00          0.0000000E+00          0.0000000E+00          0.0000000E+00
      9.559064E+00           1.5675100E-04          2.0924600E-03          1.0000000E+00          6.9974000E-01          0.0000000E+00          0.0000000E+00          0.0000000E+00         -7.7447600E-01          0.0000000E+00          0.0000000E+00          0.0000000E+00          0.0000000E+00
      5.318588E+00          -9.3056800E-05          1.9862500E-04          0.0000000E+00          2.9668100E-01          0.0000000E+00         -1.1935800E-01          0.0000000E+00         -3.1092100E-01          0.0000000E+00          0.0000000E+00          0.0000000E+00          0.0000000E+00
      2.720832E+00           5.2112200E-05         -2.6599000E-04          0.0000000E+00          2.3953500E-02          1.0000000E+00          0.0000000E+00          0.0000000E+00          7.1159700E-01          0.0000000E+00          0.0000000E+00          0.0000000E+00          0.0000000E+00
      1.406880E+00          -2.4526300E-05         -9.4427200E-07          0.0000000E+00          1.9214400E-03          0.0000000E+00          0.0000000E+00          1.0000000E+00          6.9516300E-01          0.0000000E+00          0.0000000E+00          0.0000000E+00          0.0000000E+00
      6.155038E-01           1.7115200E-05         -3.3181500E-05          0.0000000E+00         -2.0875000E-04          0.0000000E+00          9.5074500E-02          0.0000000E+00          1.0310500E-01          0.0000000E+00          0.0000000E+00          0.0000000E+00          0.0000000E+00
      3.782157E-01          -1.1576400E-05          2.4553300E-05          0.0000000E+00          1.7660400E-04          0.0000000E+00          0.0000000E+00          0.0000000E+00         -1.7112500E-02          1.0000000E+00          0.0000000E+00          0.0000000E+00          0.0000000E+00
      1.781730E-01           3.2960600E-06         -4.7553300E-06          0.0000000E+00         -1.0427700E-04          0.0000000E+00          0.0000000E+00          0.0000000E+00          4.0904100E-03          0.0000000E+00          1.0000000E+00          0.0000000E+00          0.0000000E+00
      8.197727E-02          -7.4002300E-07          1.6254500E-06          0.0000000E+00          1.2636600E-05          0.0000000E+00          0.0000000E+00          0.0000000E+00         -5.2450200E-04          0.0000000E+00          0.0000000E+00          1.0000000E+00          0.0000000E+00
      3.205409E-02           0.0000000E+00          0.0000000E+00          0.0000000E+00          0.0000000E+00          0.0000000E+00          0.0000000E+00          0.0000000E+00          0.0000000E+00          0.0000000E+00          0.0000000E+00          0.0000000E+00          1.0000000E+00
! p functions
H    24    11
      9.735535E+06           7.6278100E-06         -3.5770800E-06          0.0000000E+00          0.0000000E+00          4.6075300E-07          1.5624900E-06          0.0000000E+00          0.0000000E+00          0.0000000E+00          0.0000000E+00          0.0000000E+00
      1.548022E+06           2.4941400E-05         -1.1704300E-05          0.0000000E+00          0.0000000E+00          1.5079000E-06          5.1133500E-06          0.0000000E+00          0.0000000E+00          0.0000000E+00          0.0000000E+00          0.0000000E+00
      3.260613E+05           8.2022600E-05         -3.8523200E-05          0.0000000E+00          0.0000000E+00          4.9634800E-06          1.6831400E-05          0.0000000E+00          0.0000000E+00          0.0000000E+00          0.0000000E+00          0.0000000E+00
      8.587194E+04           2.4836100E-04         -1.1687000E-04          0.0000000E+00          0.0000000E+00          1.5067700E-05          5.1089300E-05          0.0000000E+00          0.0000000E+00          0.0000000E+00          0.0000000E+00          0.0000000E+00
      2.696553E+04           7.4691800E-04         -3.5209400E-04          0.0000000E+00          0.0000000E+00          4.5396800E-05          1.5393000E-04          0.0000000E+00          0.0000000E+00          0.0000000E+00          0.0000000E+00          0.0000000E+00
      9.716106E+03           2.2478000E-03         -1.0644600E-03          0.0000000E+00          0.0000000E+00          1.3746300E-04          4.6596400E-04          0.0000000E+00          0.0000000E+00          0.0000000E+00          0.0000000E+00          0.0000000E+00
      3.896367E+03           6.7565500E-03         -3.2146600E-03          0.0000000E+00          0.0000000E+00          4.1530100E-04          1.4078200E-03          0.0000000E+00          0.0000000E+00          0.0000000E+00          0.0000000E+00          0.0000000E+00
      1.698253E+03           1.9688100E-02         -9.4817100E-03          0.0000000E+00          0.0000000E+00          1.2294400E-03          4.1649500E-03          0.0000000E+00          0.0000000E+00          0.0000000E+00          0.0000000E+00          0.0000000E+00
      7.900162E+02           5.3243400E-02         -2.6095600E-02          0.0000000E+00          0.0000000E+00          3.3944200E-03          1.1495500E-02          0.0000000E+00          0.0000000E+00          0.0000000E+00          0.0000000E+00          0.0000000E+00
      3.868984E+02           1.2551100E-01         -6.3725700E-02          0.0000000E+00          0.0000000E+00          8.3685200E-03          2.8296700E-02          0.0000000E+00          0.0000000E+00          0.0000000E+00          0.0000000E+00          0.0000000E+00
      1.973942E+02           2.3805800E-01         -1.2624400E-01          0.0000000E+00          0.0000000E+00          1.6733700E-02          5.6518100E-02          0.0000000E+00          0.0000000E+00          0.0000000E+00          0.0000000E+00          0.0000000E+00
      1.040411E+02           3.2945400E-01         -1.8485600E-01          0.0000000E+00          0.0000000E+00          2.4966300E-02          8.4057300E-02          0.0000000E+00          0.0000000E+00          0.0000000E+00          0.0000000E+00          0.0000000E+00
      5.622979E+01           2.7898500E-01         -1.2878900E-01          0.0000000E+00          0.0000000E+00          1.5867800E-02          5.4306100E-02          0.0000000E+00          0.0000000E+00          0.0000000E+00          0.0000000E+00          0.0000000E+00
      3.092221E+01           1.1731600E-01          1.1650300E-01          0.0000000E+00          0.0000000E+00         -2.4563600E-02         -7.8323600E-02          0.0000000E+00          0.0000000E+00          0.0000000E+00          0.0000000E+00          0.0000000E+00
      1.714581E+01           1.8829300E-02          4.2596900E-01          0.0000000E+00          0.0000000E+00         -8.8292600E-02         -2.7839300E-01          0.0000000E+00          0.0000000E+00          0.0000000E+00          0.0000000E+00          0.0000000E+00
      9.474403E+00           8.9581900E-04          4.3769000E-01          0.0000000E+00          0.0000000E+00         -1.0176300E-01         -3.1874700E-01          0.0000000E+00          0.0000000E+00          0.0000000E+00          0.0000000E+00          0.0000000E+00
      5.137487E+00           3.5810600E-05          1.4890900E-01          1.0000000E+00          0.0000000E+00          0.0000000E+00          1.2129100E-01          0.0000000E+00          0.0000000E+00          0.0000000E+00          0.0000000E+00          0.0000000E+00
      2.678695E+00          -1.3475100E-04          1.4142700E-02          0.0000000E+00          1.0000000E+00          0.0000000E+00          5.6273900E-01          0.0000000E+00          0.0000000E+00          0.0000000E+00          0.0000000E+00          0.0000000E+00
      1.375866E+00          -7.6040100E-06          7.1705200E-04          0.0000000E+00          0.0000000E+00          0.0000000E+00          4.3594100E-01          1.0000000E+00          0.0000000E+00          0.0000000E+00          0.0000000E+00          0.0000000E+00
      6.626319E-01          -1.5176200E-05          1.5062000E-04          0.0000000E+00          0.0000000E+00         -1.1452600E-01          8.6309300E-02          0.0000000E+00          0.0000000E+00          0.0000000E+00          0.0000000E+00          0.0000000E+00
      3.159894E-01           6.3759800E-06         -8.1114600E-05          0.0000000E+00          0.0000000E+00          0.0000000E+00          1.9333600E-03          0.0000000E+00          1.0000000E+00          0.0000000E+00          0.0000000E+00          0.0000000E+00
      1.413747E-01          -1.4813800E-06          3.0656700E-06          0.0000000E+00          0.0000000E+00          0.0000000E+00          1.9208400E-03          0.0000000E+00          0.0000000E+00          1.0000000E+00          0.0000000E+00          0.0000000E+00
      6.072141E-02           8.1657500E-07         -1.0107500E-05          0.0000000E+00          0.0000000E+00          0.0000000E+00         -1.3223200E-05          0.0000000E+00          0.0000000E+00          0.0000000E+00          1.0000000E+00          0.0000000E+00
      2.471036E-02           0.0000000E+00          0.0000000E+00          0.0000000E+00          0.0000000E+00          0.0000000E+00          0.0000000E+00          0.0000000E+00          0.0000000E+00          0.0000000E+00          0.0000000E+00          1.0000000E+00
! d functions
H    18    9
      1.606384E+04          -1.7043600E-05          0.0000000E+00          0.0000000E+00         -6.9969500E-06          0.0000000E+00          0.0000000E+00          0.0000000E+00          0.0000000E+00          0.0000000E+00
      4.288374E+03          -1.2768900E-04          0.0000000E+00          0.0000000E+00         -5.2505900E-05          0.0000000E+00          0.0000000E+00          0.0000000E+00          0.0000000E+00          0.0000000E+00
      1.502213E+03          -7.6475700E-04          0.0000000E+00          0.0000000E+00         -3.1475700E-04          0.0000000E+00          0.0000000E+00          0.0000000E+00          0.0000000E+00          0.0000000E+00
      6.320012E+02          -3.5287800E-03          0.0000000E+00          0.0000000E+00         -1.4580300E-03          0.0000000E+00          0.0000000E+00          0.0000000E+00          0.0000000E+00          0.0000000E+00
      2.995285E+02          -1.3182900E-02          0.0000000E+00          0.0000000E+00         -5.4708800E-03          0.0000000E+00          0.0000000E+00          0.0000000E+00          0.0000000E+00          0.0000000E+00
      1.530304E+02          -3.9559200E-02          0.0000000E+00          0.0000000E+00         -1.6553900E-02          0.0000000E+00          0.0000000E+00          0.0000000E+00          0.0000000E+00          0.0000000E+00
      8.191893E+01          -9.8176400E-02          0.0000000E+00          0.0000000E+00         -4.1628000E-02          0.0000000E+00          0.0000000E+00          0.0000000E+00          0.0000000E+00          0.0000000E+00
      4.515771E+01          -1.9291400E-01          0.0000000E+00          0.0000000E+00         -8.2495600E-02          0.0000000E+00          0.0000000E+00          0.0000000E+00          0.0000000E+00          0.0000000E+00
      2.536205E+01          -2.8680100E-01          0.0000000E+00          0.0000000E+00         -1.1935800E-01          0.0000000E+00          0.0000000E+00          0.0000000E+00          0.0000000E+00          0.0000000E+00
      1.438995E+01          -3.1252700E-01          0.0000000E+00          0.0000000E+00         -1.1879300E-01          0.0000000E+00          0.0000000E+00          0.0000000E+00          0.0000000E+00          0.0000000E+00
      8.160022E+00          -2.0832400E-01          0.0000000E+00          0.0000000E+00          3.4899500E-05          0.0000000E+00          0.0000000E+00          0.0000000E+00          0.0000000E+00          0.0000000E+00
      4.544609E+00          -6.9315400E-02          1.0000000E+00          0.0000000E+00          2.2654400E-01          0.0000000E+00          0.0000000E+00          0.0000000E+00          0.0000000E+00          0.0000000E+00
      2.470968E+00          -8.2876400E-03          0.0000000E+00          1.0000000E+00          3.8574200E-01          0.0000000E+00          0.0000000E+00          0.0000000E+00          0.0000000E+00          0.0000000E+00
      1.322860E+00          -4.1624900E-04          0.0000000E+00          0.0000000E+00          3.4449100E-01          1.0000000E+00          0.0000000E+00          0.0000000E+00          0.0000000E+00          0.0000000E+00
      6.892043E-01           6.3516800E-05          0.0000000E+00          0.0000000E+00          1.6294700E-01          0.0000000E+00          1.0000000E+00          0.0000000E+00          0.0000000E+00          0.0000000E+00
      3.417667E-01           1.9314700E-07          0.0000000E+00          0.0000000E+00          3.4042400E-02          0.0000000E+00          0.0000000E+00          1.0000000E+00          0.0000000E+00          0.0000000E+00
      1.515564E-01           1.0336600E-05          0.0000000E+00          0.0000000E+00          2.6259200E-03          0.0000000E+00          0.0000000E+00          0.0000000E+00          1.0000000E+00          0.0000000E+00
      6.365751E-02           0.0000000E+00          0.0000000E+00          0.0000000E+00          0.0000000E+00          0.0000000E+00          0.0000000E+00          0.0000000E+00          0.0000000E+00          1.0000000E+00
! f functions
H    6    6
      7.440445E+00           1.0000000E+00          0.0000000E+00          0.0000000E+00          0.0000000E+00          0.0000000E+00          0.0000000E+00
      3.249343E+00           0.0000000E+00          1.0000000E+00          0.0000000E+00          0.0000000E+00          0.0000000E+00          0.0000000E+00
      1.419032E+00           0.0000000E+00          0.0000000E+00          1.0000000E+00          0.0000000E+00          0.0000000E+00          0.0000000E+00
      5.874441E-01           0.0000000E+00          0.0000000E+00          0.0000000E+00          1.0000000E+00          0.0000000E+00          0.0000000E+00
      2.499730E-01           0.0000000E+00          0.0000000E+00          0.0000000E+00          0.0000000E+00          1.0000000E+00          0.0000000E+00
      1.286886E-01           0.0000000E+00          0.0000000E+00          0.0000000E+00          0.0000000E+00          0.0000000E+00          1.0000000E+00
! g functions
H    4    4
      4.220836E+00           1.0000000E+00          0.0000000E+00          0.0000000E+00          0.0000000E+00
      1.411596E+00           0.0000000E+00          1.0000000E+00          0.0000000E+00          0.0000000E+00
      4.736986E-01           0.0000000E+00          0.0000000E+00          1.0000000E+00          0.0000000E+00
      2.341286E-01           0.0000000E+00          0.0000000E+00          0.0000000E+00          1.0000000E+00
! h functions
H    1    1
      1.585233E+00           1.0000000E+00
a 54
! XENON       (31s,24p,18d,6f,4g,1h) -> [12s,11p,9d,6f,4g,1h]
! s functions
H    31    12
      6.997100E+08           3.7076500E-05         -1.2921900E-05          0.0000000E+00          5.8048500E-06          0.0000000E+00          0.0000000E+00         -2.6470400E-06          9.4421100E-07          0.0000000E+00          0.0000000E+00          0.0000000E+00          0.0000000E+00
      1.034493E+08           1.0204700E-04         -3.5559000E-05          0.0000000E+00          1.5973700E-05          0.0000000E+00          0.0000000E+00         -7.2840300E-06          2.5982100E-06          0.0000000E+00          0.0000000E+00          0.0000000E+00          0.0000000E+00
      2.229478E+07           2.5501000E-04         -8.8884100E-05          0.0000000E+00          3.9929700E-05          0.0000000E+00          0.0000000E+00         -1.8208300E-05          6.4950100E-06          0.0000000E+00          0.0000000E+00          0.0000000E+00          0.0000000E+00
      6.379236E+06           5.0708300E-04         -1.7687200E-04          0.0000000E+00          7.9466100E-05          0.0000000E+00          0.0000000E+00         -3.6237700E-05          1.2925900E-05          0.0000000E+00          0.0000000E+00          0.0000000E+00          0.0000000E+00
      2.242793E+06           9.2020800E-04         -3.2137700E-04          0.0000000E+00          1.4441400E-04          0.0000000E+00          0.0000000E+00         -6.5858500E-05          2.3493300E-05          0.0000000E+00          0.0000000E+00          0.0000000E+00          0.0000000E+00
      9.098652E+05           1.5544100E-03         -5.4389900E-04          0.0000000E+00          2.4448600E-04          0.0000000E+00          0.0000000E+00         -1.1149900E-04          3.9769200E-05          0.0000000E+00          0.0000000E+00          0.0000000E+00          0.0000000E+00
      4.053217E+05           2.5987500E-03         -9.1183000E-04          0.0000000E+00          4.1000200E-04          0.0000000E+00          0.0000000E+00         -1.8701000E-04          6.6720900E-05          0.0000000E+00          0.0000000E+00          0.0000000E+00          0.0000000E+00
      1.909353E+05           4.3518000E-03         -1.5328900E-03          0.0000000E+00          6.8976500E-04          0.0000000E+00          0.0000000E+00         -3.1462200E-04          1.1220400E-04          0.0000000E+00          0.0000000E+00          0.0000000E+00          0.0000000E+00
      9.256211E+04           7.4897900E-03         -2.6533900E-03          0.0000000E+00          1.1947000E-03          0.0000000E+00          0.0000000E+00         -5.4511800E-04          1.9453900E-04          0.0000000E+00          0.0000000E+00          0.0000000E+00          0.0000000E+00
      4.535376E+04           1.3259500E-02         -4.7375500E-03          0.0000000E+00          2.1364200E-03          0.0000000E+00          0.0000000E+00         -9.7486200E-04          3.4762400E-04          0.0000000E+00          0.0000000E+00          0.0000000E+00          0.0000000E+00
      2.223212E+04           2.4276500E-02         -8.7896200E-03          0.0000000E+00          3.9701100E-03          0.0000000E+00          0.0000000E+00         -1.8128400E-03          6.4716800E-04          0.0000000E+00          0.0000000E+00          0.0000000E+00          0.0000000E+00
      1.086124E+04           4.5571900E-02         -1.6856700E-02          0.0000000E+00          7.6414600E-03          0.0000000E+00          0.0000000E+00         -3.4904800E-03          1.2447500E-03          0.0000000E+00          0.0000000E+00          0.0000000E+00          0.0000000E+00
      5.294779E+03           8.6077400E-02         -3.3014200E-02          0.0000000E+00          1.5041200E-02          0.0000000E+00          0.0000000E+00         -6.8813000E-03          2.4578700E-03          0.0000000E+00          0.0000000E+00          0.0000000E+00          0.0000000E+00
      2.588383E+03           1.5603500E-01         -6.3806900E-02          0.0000000E+00          2.9374300E-02          0.0000000E+00          0.0000000E+00         -1.3460600E-02          4.8024300E-03          0.0000000E+00          0.0000000E+00          0.0000000E+00          0.0000000E+00
      1.278125E+03           2.4857700E-01         -1.1417200E-01          0.0000000E+00          5.3502900E-02          0.0000000E+00          0.0000000E+00         -2.4630100E-02          8.8117800E-03          0.0000000E+00          0.0000000E+00          0.0000000E+00          0.0000000E+00
      6.427614E+02           2.9929200E-01         -1.6764200E-01          0.0000000E+00          8.1319200E-02          0.0000000E+00          0.0000000E+00         -3.7672000E-02          1.3458400E-02          0.0000000E+00          0.0000000E+00          0.0000000E+00          0.0000000E+00
      3.317796E+02           2.1743200E-01         -1.5130100E-01          0.0000000E+00          7.6768500E-02          0.0000000E+00          0.0000000E+00         -3.6023300E-02          1.2983100E-02          0.0000000E+00          0.0000000E+00          0.0000000E+00          0.0000000E+00
      1.768457E+02           6.9552000E-02          3.6407100E-02          0.0000000E+00         -2.5524800E-02          0.0000000E+00          0.0000000E+00          1.2825600E-02         -4.8121500E-03          0.0000000E+00          0.0000000E+00          0.0000000E+00          0.0000000E+00
      9.762102E+01           6.7906100E-03          3.5065300E-01          0.0000000E+00         -2.6114500E-01          0.0000000E+00          0.0000000E+00          1.3266700E-01         -4.8026500E-02          0.0000000E+00          0.0000000E+00          0.0000000E+00          0.0000000E+00
      5.571840E+01           1.0529700E-04          4.5932900E-01          0.0000000E+00         -4.4773900E-01          0.0000000E+00          0.0000000E+00          2.4357100E-01         -9.0869100E-02          0.0000000E+00          0.0000000E+00          0.0000000E+00          0.0000000E+00
      3.263729E+01           2.4626700E-04          2.5425100E-01          0.0000000E+00         -2.8747000E-01          0.0000000E+00          0.0000000E+00          1.6175700E-01         -5.8916600E-02          0.0000000E+00          0.0000000E+00          0.0000000E+00          0.0000000E+00
      1.933308E+01          -2.7187900E-04          5.8074200E-02          0.0000000E+00          2.3261200E-01          0.0000000E+00          0.0000000E+00         -1.5006300E-01          5.4350700E-02          0.0000000E+00          0.0000000E+00          0.0000000E+00          0.0000000E+00
      1.131450E+01           1.2318000E-04          3.7870700E-03          1.0000000E+00          7.0875800E-01          0.0000000E+00          0.0000000E+00         -7.3240000E-01          0.0000000E+00          0.0000000E+00          0.0000000E+00          0.0000000E+00          0.0000000E+00
      6.327970E+00          -8.2598400E-05          5.4177000E-04          0.0000000E+00          4.0273100E-01          0.0000000E+00          0.0000000E+00         -5.0211900E-01          2.0749500E-01          0.0000000E+00          0.0000000E+00          0.0000000E+00          0.0000000E+00
      3.234550E+00           4.8414700E-05         -3.8902500E-04          0.0000000E+00          4.5158400E-02          1.0000000E+00          0.0000000E+00          5.6926800E-01          0.0000000E+00          0.0000000E+00          0.0000000E+00          0.0000000E+00          0.0000000E+00
      1.713391E+00          -2.4089200E-05          4.3949400E-05          0.0000000E+00          1.3222300E-03          0.0000000E+00          1.0000000E+00          7.8797700E-01          0.0000000E+00          0.0000000E+00          0.0000000E+00          0.0000000E+00          0.0000000E+00
      8.596864E-01           1.3770100E-05         -6.3489100E-05          0.0000000E+00          3.6892800E-04          0.0000000E+00          0.0000000E+00          1.6910400E-01         -1.9338800E-01          0.0000000E+00          0.0000000E+00          0.0000000E+00          0.0000000E+00
      4.452610E-01          -6.8466800E-06          3.3792300E-05          0.0000000E+00         -7.1292500E-05          0.0000000E+00          0.0000000E+00         -4.6130100E-04          0.0000000E+00          1.0000000E+00          0.0000000E+00          0.0000000E+00          0.0000000E+00
      2.076798E-01           2.2764200E-06         -8.1712100E-06          0.0000000E+00         -5.5611600E-05          0.0000000E+00          0.0000000E+00          2.3002000E-03          0.0000000E+00          0.0000000E+00          1.0000000E+00          0.0000000E+00          0.0000000E+00
      9.450368E-02          -5.5576500E-07          2.7451500E-06          0.0000000E+00         -1.2183400E-06          0.0000000E+00          0.0000000E+00         -1.5694800E-04          0.0000000E+00          0.0000000E+00          0.0000000E+00          1.0000000E+00          0.0000000E+00
      3.492464E-02           0.0000000E+00          0.0000000E+00          0.0000000E+00          0.0000000E+00          0.0000000E+00          0.0000000E+00          0.0000000E+00          0.0000000E+00          0.0000000E+00          0.0000000E+00          0.0000000E+00          1.0000000E+00
! p functions
H    24    11
      1.194119E+07           7.1428000E-06         -3.3669900E-06          0.0000000E+00          0.0000000E+00          4.5867800E-07          1.4924200E-06          0.0000000E+00          0.0000000E+00          0.0000000E+00          0.0000000E+00          0.0000000E+00
      1.833542E+06           2.3960400E-05         -1.1302100E-05          0.0000000E+00          0.0000000E+00          1.5399800E-06          5.0104500E-06          0.0000000E+00          0.0000000E+00          0.0000000E+00          0.0000000E+00          0.0000000E+00
      3.785921E+05           7.8460700E-05         -3.7040300E-05          0.0000000E+00          0.0000000E+00          5.0473300E-06          1.6422300E-05          0.0000000E+00          0.0000000E+00          0.0000000E+00          0.0000000E+00          0.0000000E+00
      9.866320E+04           2.3520800E-04         -1.1125200E-04          0.0000000E+00          0.0000000E+00          1.5170100E-05          4.9349700E-05          0.0000000E+00          0.0000000E+00          0.0000000E+00          0.0000000E+00          0.0000000E+00
      3.081587E+04           6.9620700E-04         -3.2985600E-04          0.0000000E+00          0.0000000E+00          4.4978600E-05          1.4633800E-04          0.0000000E+00          0.0000000E+00          0.0000000E+00          0.0000000E+00          0.0000000E+00
      1.106742E+04           2.0621100E-03         -9.8145800E-04          0.0000000E+00          0.0000000E+00          1.3405200E-04          4.3594500E-04          0.0000000E+00          0.0000000E+00          0.0000000E+00          0.0000000E+00          0.0000000E+00
      4.424767E+03           6.1247500E-03         -2.9276900E-03          0.0000000E+00          0.0000000E+00          3.9998000E-04          1.3010500E-03          0.0000000E+00          0.0000000E+00          0.0000000E+00          0.0000000E+00          0.0000000E+00
      1.921081E+03           1.7796500E-02         -8.6070300E-03          0.0000000E+00          0.0000000E+00          1.1802500E-03          3.8357200E-03          0.0000000E+00          0.0000000E+00          0.0000000E+00          0.0000000E+00          0.0000000E+00
      8.891784E+02           4.8499900E-02         -2.3840500E-02          0.0000000E+00          0.0000000E+00          3.2785200E-03          1.0654400E-02          0.0000000E+00          0.0000000E+00          0.0000000E+00          0.0000000E+00          0.0000000E+00
      4.328647E+02           1.1659300E-01         -5.9297100E-02          0.0000000E+00          0.0000000E+00          8.2319600E-03          2.6701700E-02          0.0000000E+00          0.0000000E+00          0.0000000E+00          0.0000000E+00          0.0000000E+00
      2.194524E+02           2.2751200E-01         -1.2070600E-01          0.0000000E+00          0.0000000E+00          1.6909700E-02          5.4805200E-02          0.0000000E+00          0.0000000E+00          0.0000000E+00          0.0000000E+00          0.0000000E+00
      1.149870E+02           3.2696000E-01         -1.8386400E-01          0.0000000E+00          0.0000000E+00          2.6261600E-02          8.4785100E-02          0.0000000E+00          0.0000000E+00          0.0000000E+00          0.0000000E+00          0.0000000E+00
      6.185596E+01           2.9124400E-01         -1.4231900E-01          0.0000000E+00          0.0000000E+00          1.9018800E-02          6.2253600E-02          0.0000000E+00          0.0000000E+00          0.0000000E+00          0.0000000E+00          0.0000000E+00
      3.392096E+01           1.3049200E-01          9.2116700E-02          0.0000000E+00          0.0000000E+00         -2.1798600E-02         -6.6273100E-02          0.0000000E+00          0.0000000E+00          0.0000000E+00          0.0000000E+00          0.0000000E+00
      1.879672E+01           2.2851200E-02          4.1012900E-01          0.0000000E+00          0.0000000E+00         -8.9802000E-02         -2.7082400E-01          0.0000000E+00          0.0000000E+00          0.0000000E+00          0.0000000E+00          0.0000000E+00
      1.040058E+01           1.0907200E-03          4.5308800E-01          0.0000000E+00          0.0000000E+00         -1.1298700E-01         -3.3763000E-01          0.0000000E+00          0.0000000E+00          0.0000000E+00          0.0000000E+00          0.0000000E+00
      5.653386E+00           8.3301100E-05          1.6710800E-01          1.0000000E+00          0.0000000E+00          0.0000000E+00          8.8517800E-02          0.0000000E+00          0.0000000E+00          0.0000000E+00          0.0000000E+00          0.0000000E+00
      2.952876E+00          -1.6201100E-04          1.7081000E-02          0.0000000E+00          1.0000000E+00          0.0000000E+00          5.6241700E-01          0.0000000E+00          0.0000000E+00          0.0000000E+00          0.0000000E+00          0.0000000E+00
      1.524471E+00           2.1629200E-06          7.6399200E-04          0.0000000E+00          0.0000000E+00          0.0000000E+00          4.5420500E-01          1.0000000E+00          0.0000000E+00          0.0000000E+00          0.0000000E+00          0.0000000E+00
      7.390001E-01          -2.1383500E-05          1.5146200E-04          0.0000000E+00          0.0000000E+00         -1.2252500E-01          9.1658500E-02          0.0000000E+00          0.0000000E+00          0.0000000E+00          0.0000000E+00          0.0000000E+00
      3.570211E-01           8.6990800E-06         -6.5863800E-05          0.0000000E+00          0.0000000E+00          0.0000000E+00          1.4619900E-03          0.0000000E+00          1.0000000E+00          0.0000000E+00          0.0000000E+00          0.0000000E+00
      1.613714E-01          -3.3081900E-06          1.4777100E-05          0.0000000E+00          0.0000000E+00          0.0000000E+00          1.3271800E-03          0.0000000E+00          0.0000000E+00          1.0000000E+00          0.0000000E+00          0.0000000E+00
      6.967257E-02           9.0565000E-07         -4.9233500E-06          0.0000000E+00          0.0000000E+00          0.0000000E+00         -2.2742700E-04          0.0000000E+00          0.0000000E+00          0.0000000E+00          1.0000000E+00          0.0000000E+00
      2.752178E-02           0.0000000E+00          0.0000000E+00          0.0000000E+00          0.0000000E+00          0.0000000E+00          0.0000000E+00          0.0000000E+00          0.0000000E+00          0.0000000E+00          0.0000000E+00          1.0000000E+00
! d functions
H    18    9
      1.886378E+04           1.3960000E-05          0.0000000E+00          0.0000000E+00         -5.8887000E-06          0.0000000E+00          0.0000000E+00          0.0000000E+00          0.0000000E+00          0.0000000E+00
      5.298904E+03           9.3956500E-05          0.0000000E+00          0.0000000E+00         -3.9660500E-05          0.0000000E+00          0.0000000E+00          0.0000000E+00          0.0000000E+00          0.0000000E+00
      1.858910E+03           5.6763900E-04          0.0000000E+00          0.0000000E+00         -2.3999100E-04          0.0000000E+00          0.0000000E+00          0.0000000E+00          0.0000000E+00          0.0000000E+00
      7.641212E+02           2.7699700E-03          0.0000000E+00          0.0000000E+00         -1.1744400E-03          0.0000000E+00          0.0000000E+00          0.0000000E+00          0.0000000E+00          0.0000000E+00
      3.508735E+02           1.1205900E-02          0.0000000E+00          0.0000000E+00         -4.7751000E-03          0.0000000E+00          0.0000000E+00          0.0000000E+00          0.0000000E+00          0.0000000E+00
      1.738697E+02           3.6131900E-02          0.0000000E+00          0.0000000E+00         -1.5511400E-02          0.0000000E+00          0.0000000E+00          0.0000000E+00          0.0000000E+00          0.0000000E+00
      9.076969E+01           9.4301900E-02          0.0000000E+00          0.0000000E+00         -4.1054400E-02          0.0000000E+00          0.0000000E+00          0.0000000E+00          0.0000000E+00          0.0000000E+00
      4.911659E+01           1.9180000E-01          0.0000000E+00          0.0000000E+00         -8.4298400E-02          0.0000000E+00          0.0000000E+00          0.0000000E+00          0.0000000E+00          0.0000000E+00
      2.723904E+01           2.8999500E-01          0.0000000E+00          0.0000000E+00         -1.2438600E-01          0.0000000E+00          0.0000000E+00          0.0000000E+00          0.0000000E+00          0.0000000E+00
      1.534358E+01           3.1678700E-01          0.0000000E+00          0.0000000E+00         -1.2378500E-01          0.0000000E+00          0.0000000E+00          0.0000000E+00          0.0000000E+00          0.0000000E+00
      8.696177E+00           2.0911500E-01          0.0000000E+00          0.0000000E+00         -1.1073100E-03          0.0000000E+00          0.0000000E+00          0.0000000E+00          0.0000000E+00          0.0000000E+00
      4.896684E+00           7.0128800E-02          1.0000000E+00          0.0000000E+00          2.2468600E-01          0.0000000E+00          0.0000000E+00          0.0000000E+00          0.0000000E+00          0.0000000E+00
      2.708006E+00           9.2655200E-03          0.0000000E+00          1.0000000E+00          3.8058800E-01          0.0000000E+00          0.0000000E+00          0.0000000E+00          0.0000000E+00          0.0000000E+00
      1.486927E+00           3.4105900E-04          0.0000000E+00          0.0000000E+00          3.3958200E-01          1.0000000E+00          0.0000000E+00          0.0000000E+00          0.0000000E+00          0.0000000E+00
      7.976206E-01          -5.2099400E-06          0.0000000E+00          0.0000000E+00          1.6601400E-01          0.0000000E+00          1.0000000E+00          0.0000000E+00          0.0000000E+00          0.0000000E+00
      4.009714E-01          -3.2171300E-05          0.0000000E+00          0.0000000E+00          3.8227100E-02          0.0000000E+00          0.0000000E+00          1.0000000E+00          0.0000000E+00          0.0000000E+00
      1.606088E-01          -5.2019100E-06          0.0000000E+00          0.0000000E+00          2.6081500E-03          0.0000000E+00          0.0000000E+00          0.0000000E+00          1.0000000E+00          0.0000000E+00
      6.406692E-02           0.0000000E+00          0.0000000E+00          0.0000000E+00          0.0000000E+00          0.0000000E+00          0.0000000E+00          0.0000000E+00          0.0000000E+00          1.0000000E+00
! f functions
H    6    6
      8.237166E+00           1.0000000E+00          0.0000000E+00          0.0000000E+00          0.0000000E+00          0.0000000E+00          0.0000000E+00
      3.615397E+00           0.0000000E+00          1.0000000E+00          0.0000000E+00          0.0000000E+00          0.0000000E+00          0.0000000E+00
      1.586844E+00           0.0000000E+00          0.0000000E+00          1.0000000E+00          0.0000000E+00          0.0000000E+00          0.0000000E+00
      6.632271E-01           0.0000000E+00          0.0000000E+00          0.0000000E+00          1.0000000E+00          0.0000000E+00          0.0000000E+00
      2.985822E-01           0.0000000E+00          0.0000000E+00          0.0000000E+00          0.0000000E+00          1.0000000E+00          0.0000000E+00
      1.637359E-01           0.0000000E+00          0.0000000E+00          0.0000000E+00          0.0000000E+00          0.0000000E+00          1.0000000E+00
! g functions
H    4    4
      4.550004E+00           1.0000000E+00          0.0000000E+00          0.0000000E+00          0.0000000E+00
      1.552503E+00           0.0000000E+00          1.0000000E+00          0.0000000E+00          0.0000000E+00
      5.276223E-01           0.0000000E+00          0.0000000E+00          1.0000000E+00          0.0000000E+00
      2.640599E-01           0.0000000E+00          0.0000000E+00          0.0000000E+00          1.0000000E+00
! h functions
H    1    1
      1.742319E+00           1.0000000E+00
a 55
! CAESIUM       (41s,35p,25d,8f,3g) -> [13s,12p,10d,6f,3g]
! s functions
H    41    13
      7.569936E+07           1.800000E-04          -6.300000E-05           2.800000E-05           0.000000E+00           1.300000E-05           0.000000E+00           0.000000E+00          -5.000000E-06           0.000000E+00          -1.000000E-06           0.000000E+00           0.000000E+00           0.000000E+00
      2.013298E+07           1.820000E-04          -6.400000E-05           2.900000E-05           0.000000E+00           1.300000E-05           0.000000E+00           0.000000E+00          -5.000000E-06           0.000000E+00          -1.000000E-06           0.000000E+00           0.000000E+00           0.000000E+00
      6.894908E+06           5.220000E-04          -1.830000E-04           8.200000E-05           0.000000E+00           3.800000E-05           0.000000E+00           0.000000E+00          -1.400000E-05           0.000000E+00          -3.000000E-06           0.000000E+00           0.000000E+00           0.000000E+00
      2.628184E+06           7.580000E-04          -2.660000E-04           1.200000E-04           0.000000E+00           5.500000E-05           0.000000E+00           0.000000E+00          -2.100000E-05           0.000000E+00          -5.000000E-06           0.000000E+00           0.000000E+00           0.000000E+00
      1.091770E+06           1.519000E-03          -5.340000E-04           2.410000E-04           0.000000E+00           1.110000E-04           0.000000E+00           0.000000E+00          -4.200000E-05           0.000000E+00          -1.000000E-05           0.000000E+00           0.000000E+00           0.000000E+00
      4.780662E+05           2.445000E-03          -8.610000E-04           3.890000E-04           0.000000E+00           1.790000E-04           0.000000E+00           0.000000E+00          -6.700000E-05           0.000000E+00          -1.600000E-05           0.000000E+00           0.000000E+00           0.000000E+00
      2.187885E+05           4.391000E-03          -1.552000E-03           7.010000E-04           0.000000E+00           3.230000E-04           0.000000E+00           0.000000E+00          -1.210000E-04           0.000000E+00          -2.800000E-05           0.000000E+00           0.000000E+00           0.000000E+00
      1.036442E+05           7.301000E-03          -2.596000E-03           1.173000E-03           0.000000E+00           5.410000E-04           0.000000E+00           0.000000E+00          -2.030000E-04           0.000000E+00          -4.700000E-05           0.000000E+00           0.000000E+00           0.000000E+00
      5.065045E+04           1.267500E-02          -4.543000E-03           2.056000E-03           0.000000E+00           9.480000E-04           0.000000E+00           0.000000E+00          -3.560000E-04           0.000000E+00          -8.200000E-05           0.000000E+00           0.000000E+00           0.000000E+00
      2.542836E+04           2.146100E-02          -7.788000E-03           3.531000E-03           0.000000E+00           1.629000E-03           0.000000E+00           0.000000E+00          -6.130000E-04           0.000000E+00          -1.410000E-04           0.000000E+00           0.000000E+00           0.000000E+00
      1.307510E+04           3.707500E-02          -1.370100E-02           6.229000E-03           0.000000E+00           2.875000E-03           0.000000E+00           0.000000E+00          -1.081000E-03           0.000000E+00          -2.500000E-04           0.000000E+00           0.000000E+00           0.000000E+00
      6.870510E+03           6.283900E-02          -2.389600E-02           1.091100E-02           0.000000E+00           5.042000E-03           0.000000E+00           0.000000E+00          -1.896000E-03           0.000000E+00          -4.380000E-04           0.000000E+00           0.000000E+00           0.000000E+00
      3.686641E+03           1.043460E-01          -4.147400E-02           1.906900E-02           0.000000E+00           8.822000E-03           0.000000E+00           0.000000E+00          -3.320000E-03           0.000000E+00          -7.660000E-04           0.000000E+00           0.000000E+00           0.000000E+00
      2.017516E+03           1.619320E-01          -6.918900E-02           3.216900E-02           0.000000E+00           1.492500E-02           0.000000E+00           0.000000E+00          -5.617000E-03           0.000000E+00          -1.296000E-03           0.000000E+00           0.000000E+00           0.000000E+00
      1.123645E+03           2.235370E-01          -1.071980E-01           5.079500E-02           0.000000E+00           2.365000E-02           0.000000E+00           0.000000E+00          -8.914000E-03           0.000000E+00          -2.058000E-03           0.000000E+00           0.000000E+00           0.000000E+00
      6.367618E+02           2.465400E-01          -1.409970E-01           6.883400E-02           0.000000E+00           3.229100E-02           0.000000E+00           0.000000E+00          -1.217500E-02           0.000000E+00          -2.810000E-03           0.000000E+00           0.000000E+00           0.000000E+00
      3.685545E+02           1.901520E-01          -1.301160E-01           6.610300E-02           0.000000E+00           3.121300E-02           0.000000E+00           0.000000E+00          -1.182100E-02           0.000000E+00          -2.732000E-03           0.000000E+00           0.000000E+00           0.000000E+00
      2.213581E+02           8.259800E-02          -3.196100E-02           1.488000E-02           0.000000E+00           7.093000E-03           0.000000E+00           0.000000E+00          -2.605000E-03           0.000000E+00          -5.950000E-04           0.000000E+00           0.000000E+00           0.000000E+00
      1.476662E+02           2.059400E-02           9.786300E-02          -6.443100E-02           0.000000E+00          -3.247100E-02           0.000000E+00           0.000000E+00           1.226700E-02           0.000000E+00           2.824000E-03           0.000000E+00           0.000000E+00           0.000000E+00
      9.797435E+01           4.753000E-03           2.858860E-01          -2.182690E-01           0.000000E+00          -1.127330E-01           0.000000E+00           0.000000E+00           4.367000E-02           0.000000E+00           1.012700E-02           0.000000E+00           0.000000E+00           0.000000E+00
      6.111125E+01           3.140000E-04           4.168600E-01          -3.984830E-01           0.000000E+00          -2.178070E-01           0.000000E+00           0.000000E+00           8.452300E-02           0.000000E+00           1.956600E-02           0.000000E+00           0.000000E+00           0.000000E+00
      3.694398E+01          -5.000000E-05           2.853590E-01          -3.272750E-01           0.000000E+00          -1.868360E-01           0.000000E+00           0.000000E+00           7.417200E-02           0.000000E+00           1.725500E-02           0.000000E+00           0.000000E+00           0.000000E+00
      2.204170E+01           4.100000E-05           7.868600E-02           1.173910E-01           0.000000E+00           7.301400E-02           0.000000E+00           0.000000E+00          -2.915800E-02           0.000000E+00          -6.820000E-03           0.000000E+00           0.000000E+00           0.000000E+00
      1.360510E+01          -1.250000E-04           6.411000E-03           5.794820E-01           0.000000E+00           5.438750E-01           0.000000E+00           0.000000E+00          -2.406920E-01           0.000000E+00          -5.663300E-02           0.000000E+00           0.000000E+00           0.000000E+00
      8.475589E+00           8.100000E-05           1.401000E-03           4.794630E-01           0.000000E+00           6.143870E-01           0.000000E+00           0.000000E+00          -2.880410E-01           0.000000E+00          -6.839300E-02           0.000000E+00           0.000000E+00           0.000000E+00
      5.355106E+00          -7.100000E-05          -4.230000E-04           1.647850E-01           0.000000E+00           1.287010E-01           0.000000E+00           0.000000E+00          -3.770600E-02           0.000000E+00          -8.048000E-03           0.000000E+00           0.000000E+00           0.000000E+00
      3.449981E+00           5.400000E-05           2.400000E-05           2.647800E-02           0.000000E+00          -4.220920E-01           0.000000E+00           0.000000E+00           2.261950E-01           0.000000E+00           5.352200E-02           0.000000E+00           0.000000E+00           0.000000E+00
      3.031390E+00           0.000000E+00           0.000000E+00           0.000000E+00           1.000000E+00           0.000000E+00           0.000000E+00           0.000000E+00           0.000000E+00           0.000000E+00           0.000000E+00           0.000000E+00           0.000000E+00           0.000000E+00
      2.149523E+00          -2.500000E-05          -1.470000E-04           3.928000E-03           0.000000E+00          -6.923490E-01           0.000000E+00           0.000000E+00           5.469260E-01           0.000000E+00           1.418260E-01           0.000000E+00           0.000000E+00           0.000000E+00
      1.266467E+00           1.200000E-05           7.000000E-06           5.390000E-04           0.000000E+00          -3.515640E-01           0.000000E+00           0.000000E+00           4.103660E-01           0.000000E+00           1.091580E-01           0.000000E+00           0.000000E+00           0.000000E+00
      8.142100E-01           0.000000E+00           0.000000E+00           0.000000E+00           0.000000E+00           0.000000E+00           1.000000E+00           0.000000E+00           0.000000E+00           0.000000E+00           0.000000E+00           0.000000E+00           0.000000E+00           0.000000E+00
      6.414416E-01          -6.000000E-06          -5.000000E-06           7.000000E-06           0.000000E+00          -3.926900E-02           0.000000E+00           0.000000E+00          -2.501170E-01           0.000000E+00          -8.585600E-02           0.000000E+00           0.000000E+00           0.000000E+00
      3.647962E-01           4.000000E-06           9.000000E-06          -1.010000E-04           0.000000E+00           3.475000E-03           0.000000E+00           0.000000E+00          -6.311520E-01           0.000000E+00          -1.978790E-01           0.000000E+00           0.000000E+00           0.000000E+00
      2.186900E-01           0.000000E+00           0.000000E+00           0.000000E+00           0.000000E+00           0.000000E+00           0.000000E+00           1.000000E+00           0.000000E+00           0.000000E+00           0.000000E+00           0.000000E+00           0.000000E+00           0.000000E+00
      2.028609E-01          -2.000000E-06          -2.000000E-06          -3.000000E-06           0.000000E+00          -2.585000E-03           0.000000E+00           0.000000E+00          -4.314940E-01           0.000000E+00          -2.191800E-01           0.000000E+00           0.000000E+00           0.000000E+00
      1.107520E-01           1.000000E-06           2.000000E-06          -1.600000E-05           0.000000E+00           8.370000E-04           0.000000E+00           0.000000E+00          -8.735100E-02           0.000000E+00          -1.817770E-01           0.000000E+00           0.000000E+00           0.000000E+00
      5.007911E-02          -1.000000E-06          -1.000000E-06           7.000000E-06           0.000000E+00          -5.490000E-04           0.000000E+00           0.000000E+00          -1.606000E-03           0.000000E+00           1.152610E-01           0.000000E+00           0.000000E+00           0.000000E+00
      3.030587E-02           1.000000E-06           1.000000E-06          -6.000000E-06           0.000000E+00           4.170000E-04           0.000000E+00           0.000000E+00          -5.720000E-04           1.000000E+00           4.915460E-01           0.000000E+00           0.000000E+00           0.000000E+00
      1.732763E-02          -0.000000E+00          -0.000000E+00           3.000000E-06           0.000000E+00          -1.660000E-04           0.000000E+00           0.000000E+00          -2.410000E-04           0.000000E+00           4.928380E-01           1.000000E+00           0.000000E+00           0.000000E+00
      9.552330E-03           0.000000E+00           0.000000E+00          -0.000000E+00           0.000000E+00           3.700000E-05           0.000000E+00           0.000000E+00          -1.090000E-04           0.000000E+00           1.182670E-01           0.000000E+00           1.000000E+00           0.000000E+00
      5.270000E-03           0.000000E+00           0.000000E+00           0.000000E+00           0.000000E+00           0.000000E+00           0.000000E+00           0.000000E+00           0.000000E+00           0.000000E+00           0.000000E+00           0.000000E+00           0.000000E+00           1.000000E+00
! p functions
H    35    12
      3.598457E+07           3.000000E-06          -1.000000E-06           0.000000E+00           1.000000E-06           0.000000E+00           0.000000E+00           0.000000E+00           0.000000E+00           0.000000E+00           0.000000E+00           0.000000E+00           0.000000E+00
      7.724848E+06           7.000000E-06          -3.000000E-06           0.000000E+00           1.000000E-06           0.000000E+00           0.000000E+00           0.000000E+00           0.000000E+00           0.000000E+00           0.000000E+00           0.000000E+00           0.000000E+00
      2.002061E+06           1.900000E-05          -9.000000E-06           0.000000E+00           4.000000E-06           0.000000E+00           0.000000E+00           1.000000E-06           0.000000E+00           0.000000E+00           0.000000E+00           0.000000E+00           0.000000E+00
      5.883433E+05           4.600000E-05          -2.200000E-05           0.000000E+00           1.000000E-05           0.000000E+00           0.000000E+00           3.000000E-06           0.000000E+00           1.000000E-06           0.000000E+00           0.000000E+00           0.000000E+00
      1.904825E+05           1.180000E-04          -5.600000E-05           0.000000E+00           2.500000E-05           0.000000E+00           0.000000E+00           8.000000E-06           0.000000E+00           1.000000E-06           0.000000E+00           0.000000E+00           0.000000E+00
      6.687565E+04           3.040000E-04          -1.450000E-04           0.000000E+00           6.500000E-05           0.000000E+00           0.000000E+00           2.200000E-05           0.000000E+00           4.000000E-06           0.000000E+00           0.000000E+00           0.000000E+00
      2.528215E+04           8.070000E-04          -3.850000E-04           0.000000E+00           1.730000E-04           0.000000E+00           0.000000E+00           5.800000E-05           0.000000E+00           9.000000E-06           0.000000E+00           0.000000E+00           0.000000E+00
      1.026088E+04           2.188000E-03          -1.047000E-03           0.000000E+00           4.710000E-04           0.000000E+00           0.000000E+00           1.580000E-04           0.000000E+00           2.600000E-05           0.000000E+00           0.000000E+00           0.000000E+00
      4.452713E+03           6.001000E-03          -2.886000E-03           0.000000E+00           1.300000E-03           0.000000E+00           0.000000E+00           4.360000E-04           0.000000E+00           7.100000E-05           0.000000E+00           0.000000E+00           0.000000E+00
      2.051025E+03           1.623200E-02          -7.884000E-03           0.000000E+00           3.560000E-03           0.000000E+00           0.000000E+00           1.193000E-03           0.000000E+00           1.940000E-04           0.000000E+00           0.000000E+00           0.000000E+00
      9.935652E+02           4.183500E-02          -2.064700E-02           0.000000E+00           9.351000E-03           0.000000E+00           0.000000E+00           3.137000E-03           0.000000E+00           5.090000E-04           0.000000E+00           0.000000E+00           0.000000E+00
      5.018436E+02           9.754800E-02          -4.954400E-02           0.000000E+00           2.257800E-02           0.000000E+00           0.000000E+00           7.578000E-03           0.000000E+00           1.230000E-03           0.000000E+00           0.000000E+00           0.000000E+00
      2.622280E+02           1.924340E-01          -1.017240E-01           0.000000E+00           4.674000E-02           0.000000E+00           0.000000E+00           1.572100E-02           0.000000E+00           2.553000E-03           0.000000E+00           0.000000E+00           0.000000E+00
      1.407402E+02           2.956310E-01          -1.647430E-01           0.000000E+00           7.670100E-02           0.000000E+00           0.000000E+00           2.584300E-02           0.000000E+00           4.197000E-03           0.000000E+00           0.000000E+00           0.000000E+00
      7.724210E+01           3.085090E-01          -1.685790E-01           0.000000E+00           7.781200E-02           0.000000E+00           0.000000E+00           2.620500E-02           0.000000E+00           4.257000E-03           0.000000E+00           0.000000E+00           0.000000E+00
      4.287427E+01           1.814900E-01           3.300000E-04           0.000000E+00          -1.548300E-02           0.000000E+00           0.000000E+00          -6.306000E-03           0.000000E+00          -1.041000E-03           0.000000E+00           0.000000E+00           0.000000E+00
      2.378583E+01           4.595300E-02           3.117510E-01           0.000000E+00          -2.035560E-01           0.000000E+00           0.000000E+00          -7.283600E-02           0.000000E+00          -1.188100E-02           0.000000E+00           0.000000E+00           0.000000E+00
      1.343564E+01           3.107000E-03           4.728370E-01           0.000000E+00          -3.515340E-01           0.000000E+00           0.000000E+00          -1.301640E-01           0.000000E+00          -2.130700E-02           0.000000E+00           0.000000E+00           0.000000E+00
      7.615558E+00           4.480000E-04           2.687380E-01           0.000000E+00          -1.251160E-01           0.000000E+00           0.000000E+00          -3.522400E-02           0.000000E+00          -5.586000E-03           0.000000E+00           0.000000E+00           0.000000E+00
      4.260524E+00          -2.730000E-04           5.468000E-02           0.000000E+00           3.591460E-01           0.000000E+00           0.000000E+00           1.693630E-01           0.000000E+00           2.815200E-02           0.000000E+00           0.000000E+00           0.000000E+00
      3.675520E+00           0.000000E+00           0.000000E+00           1.000000E+00           0.000000E+00           0.000000E+00           0.000000E+00           0.000000E+00           0.000000E+00           0.000000E+00           0.000000E+00           0.000000E+00           0.000000E+00
      2.349671E+00           4.100000E-05           3.653000E-03           0.000000E+00           5.474930E-01           0.000000E+00           0.000000E+00           2.881830E-01           0.000000E+00           4.872700E-02           0.000000E+00           0.000000E+00           0.000000E+00
      1.298603E+00          -8.500000E-05           5.000000E-04           0.000000E+00           2.653710E-01           0.000000E+00           0.000000E+00           1.464320E-01           0.000000E+00           2.447400E-02           0.000000E+00           0.000000E+00           0.000000E+00
      1.171570E+00           0.000000E+00           0.000000E+00           0.000000E+00           0.000000E+00           1.000000E+00           0.000000E+00           0.000000E+00           0.000000E+00           0.000000E+00           0.000000E+00           0.000000E+00           0.000000E+00
      7.384104E-01           4.700000E-05          -4.400000E-05           0.000000E+00           4.423800E-02           0.000000E+00           0.000000E+00          -1.977630E-01           0.000000E+00          -3.803100E-02           0.000000E+00           0.000000E+00           0.000000E+00
      4.012340E-01          -3.300000E-05          -1.000000E-06           0.000000E+00           6.167000E-03           0.000000E+00           0.000000E+00          -4.262820E-01           0.000000E+00          -8.001400E-02           0.000000E+00           0.000000E+00           0.000000E+00
      3.734300E-01           0.000000E+00           0.000000E+00           0.000000E+00           0.000000E+00           0.000000E+00           1.000000E+00           0.000000E+00           0.000000E+00           0.000000E+00           0.000000E+00           0.000000E+00           0.000000E+00
      2.217556E-01           2.400000E-05          -1.200000E-05           0.000000E+00          -9.580000E-04           0.000000E+00           0.000000E+00          -3.848720E-01           0.000000E+00          -8.605700E-02           0.000000E+00           0.000000E+00           0.000000E+00
      1.238940E-01          -1.800000E-05           4.000000E-06           0.000000E+00           9.560000E-04           0.000000E+00           0.000000E+00          -1.754200E-01           0.000000E+00          -8.144400E-02           0.000000E+00           0.000000E+00           0.000000E+00
      6.654360E-02           1.500000E-05          -2.000000E-06           0.000000E+00          -7.830000E-04           0.000000E+00           0.000000E+00          -3.191500E-02           0.000000E+00          -6.817000E-03           0.000000E+00           0.000000E+00           0.000000E+00
      4.124587E-02          -1.200000E-05           2.000000E-06           0.000000E+00           5.890000E-04           0.000000E+00           0.000000E+00          -5.960000E-04           0.000000E+00           1.260130E-01           0.000000E+00           0.000000E+00           0.000000E+00
      2.471370E-02           6.000000E-06          -1.000000E-06           0.000000E+00          -2.950000E-04           0.000000E+00           0.000000E+00          -1.758000E-03           1.000000E+00           3.843630E-01           0.000000E+00           0.000000E+00           0.000000E+00
      1.341446E-02          -2.000000E-06           0.000000E+00           0.000000E+00           9.500000E-05           0.000000E+00           0.000000E+00           1.090000E-04           0.000000E+00           4.719280E-01           1.000000E+00           0.000000E+00           0.000000E+00
      6.989890E-03           0.000000E+00          -0.000000E+00           0.000000E+00          -2.000000E-05           0.000000E+00           0.000000E+00          -4.300000E-05           0.000000E+00           1.297960E-01           0.000000E+00           1.000000E+00           0.000000E+00
      3.640000E-03           0.000000E+00           0.000000E+00           0.000000E+00           0.000000E+00           0.000000E+00           0.000000E+00           0.000000E+00           0.000000E+00           0.000000E+00           0.000000E+00           0.000000E+00           1.000000E+00
! d functions
H    25    10
      2.997983E+04           8.000000E-06          -3.000000E-06           0.000000E+00           0.000000E+00           0.000000E+00           0.000000E+00           0.000000E+00           0.000000E+00           0.000000E+00           0.000000E+00
      7.490983E+03           5.800000E-05          -2.500000E-05           0.000000E+00           0.000000E+00           0.000000E+00           0.000000E+00           2.000000E-06           0.000000E+00           0.000000E+00           0.000000E+00
      2.607456E+03           3.250000E-04          -1.410000E-04           0.000000E+00           0.000000E+00           0.000000E+00           0.000000E+00           1.100000E-05           0.000000E+00           0.000000E+00           0.000000E+00
      1.078624E+03           1.538000E-03          -6.680000E-04           0.000000E+00           0.000000E+00           0.000000E+00           0.000000E+00           5.200000E-05           0.000000E+00           0.000000E+00           0.000000E+00
      4.975519E+02           6.239000E-03          -2.718000E-03           0.000000E+00           0.000000E+00           0.000000E+00           0.000000E+00           2.190000E-04           0.000000E+00           0.000000E+00           0.000000E+00
      2.475455E+02           2.108900E-02          -9.256000E-03           0.000000E+00           0.000000E+00           0.000000E+00           0.000000E+00           7.260000E-04           0.000000E+00           0.000000E+00           0.000000E+00
      1.296852E+02           5.877700E-02          -2.602600E-02           0.000000E+00           0.000000E+00           0.000000E+00           0.000000E+00           2.096000E-03           0.000000E+00           0.000000E+00           0.000000E+00
      7.055804E+01           1.328630E-01          -5.983000E-02           0.000000E+00           0.000000E+00           0.000000E+00           0.000000E+00           4.700000E-03           0.000000E+00           0.000000E+00           0.000000E+00
      3.952457E+01           2.317570E-01          -1.037220E-01           0.000000E+00           0.000000E+00           0.000000E+00           0.000000E+00           8.412000E-03           0.000000E+00           0.000000E+00           0.000000E+00
      2.248947E+01           3.071860E-01          -1.327630E-01           0.000000E+00           0.000000E+00           0.000000E+00           0.000000E+00           1.020900E-02           0.000000E+00           0.000000E+00           0.000000E+00
      1.294025E+01           2.815480E-01          -9.325900E-02           0.000000E+00           0.000000E+00           0.000000E+00           0.000000E+00           7.656000E-03           0.000000E+00           0.000000E+00           0.000000E+00
      7.410506E+00           1.496750E-01           8.435700E-02           0.000000E+00           0.000000E+00           0.000000E+00           0.000000E+00          -9.686000E-03           0.000000E+00           0.000000E+00           0.000000E+00
      4.156769E+00           3.722200E-02           3.104940E-01           0.000000E+00           0.000000E+00           0.000000E+00           0.000000E+00          -2.643700E-02           0.000000E+00           0.000000E+00           0.000000E+00
      2.284251E+00           2.816000E-03           4.039220E-01           0.000000E+00           0.000000E+00           0.000000E+00           0.000000E+00          -3.998400E-02           0.000000E+00           0.000000E+00           0.000000E+00
      1.225407E+00           1.440000E-04           2.740490E-01           0.000000E+00           0.000000E+00           0.000000E+00           0.000000E+00          -1.572500E-02           0.000000E+00           0.000000E+00           0.000000E+00
      7.399400E-01           0.000000E+00           0.000000E+00           1.000000E+00           0.000000E+00           0.000000E+00           0.000000E+00           0.000000E+00           0.000000E+00           0.000000E+00           0.000000E+00
      6.242734E-01          -7.900000E-05           8.739200E-02           0.000000E+00           0.000000E+00           0.000000E+00           0.000000E+00           3.038100E-02           0.000000E+00           0.000000E+00           0.000000E+00
      4.316100E-01           0.000000E+00           0.000000E+00           0.000000E+00           1.000000E+00           0.000000E+00           0.000000E+00           0.000000E+00           0.000000E+00           0.000000E+00           0.000000E+00
      2.761600E-01           0.000000E+00           8.406000E-03           0.000000E+00           0.000000E+00           0.000000E+00           0.000000E+00           1.260910E-01           0.000000E+00           0.000000E+00           0.000000E+00
      2.517600E-01           0.000000E+00           0.000000E+00           0.000000E+00           0.000000E+00           1.000000E+00           0.000000E+00           0.000000E+00           0.000000E+00           0.000000E+00           0.000000E+00
      1.062800E-01          -7.000000E-06          -1.310000E-04           0.000000E+00           0.000000E+00           0.000000E+00           0.000000E+00           1.618810E-01           0.000000E+00           0.000000E+00           0.000000E+00
      4.804054E-02           5.000000E-06           1.770000E-04           0.000000E+00           0.000000E+00           0.000000E+00           1.000000E+00           3.129870E-01           0.000000E+00           0.000000E+00           0.000000E+00
      2.232686E-02          -4.000000E-06          -1.260000E-04           0.000000E+00           0.000000E+00           0.000000E+00           0.000000E+00           1.614170E-01           1.000000E+00           0.000000E+00           0.000000E+00
      1.396031E-02           2.000000E-06           5.800000E-05           0.000000E+00           0.000000E+00           0.000000E+00           0.000000E+00           4.930570E-01           0.000000E+00           1.000000E+00           0.000000E+00
      5.580000E-03           0.000000E+00           0.000000E+00           0.000000E+00           0.000000E+00           0.000000E+00           0.000000E+00           0.000000E+00           0.000000E+00           0.000000E+00           1.000000E+00
! f functions
H    8    6
      5.153937E+00           0.000000E+00           4.652500E-02           0.000000E+00           0.000000E+00           0.000000E+00           0.000000E+00
      8.628476E-01           0.000000E+00           3.965160E-01           0.000000E+00           0.000000E+00           0.000000E+00           0.000000E+00
      8.441500E-01           1.000000E+00           0.000000E+00           0.000000E+00           0.000000E+00           0.000000E+00           0.000000E+00
      4.366305E-01           0.000000E+00           5.737920E-01           0.000000E+00           0.000000E+00           0.000000E+00           0.000000E+00
      3.231600E-01           0.000000E+00           0.000000E+00           1.000000E+00           0.000000E+00           0.000000E+00           0.000000E+00
      2.064243E-01           0.000000E+00           1.190080E-01           0.000000E+00           1.000000E+00           0.000000E+00           0.000000E+00
      5.666600E-02           0.000000E+00           4.421000E-03           0.000000E+00           0.000000E+00           1.000000E+00           0.000000E+00
      2.267000E-02           0.000000E+00           0.000000E+00           0.000000E+00           0.000000E+00           0.000000E+00           1.000000E+00
! g functions
H    3    3
      3.081700E-01           1.000000E+00           0.000000E+00           0.000000E+00
      6.672300E-02           0.000000E+00           1.000000E+00           0.000000E+00
      2.669000E-02           0.000000E+00           0.000000E+00           1.000000E+00
a 56
! BARIUM       (39s,34p,24d,7f,3g) -> [13s,12p,10d,7f,3g]
! s functions
H    39    13
      7.373883E+07           1.950000E-04          -6.900000E-05           3.100000E-05           1.400000E-05           0.000000E+00           0.000000E+00          -6.000000E-06           0.000000E+00           0.000000E+00          -2.000000E-06           0.000000E+00           0.000000E+00           0.000000E+00
      1.948030E+07           2.050000E-04          -7.200000E-05           3.300000E-05           1.500000E-05           0.000000E+00           0.000000E+00          -6.000000E-06           0.000000E+00           0.000000E+00          -2.000000E-06           0.000000E+00           0.000000E+00           0.000000E+00
      6.560104E+06           5.800000E-04          -2.040000E-04           9.200000E-05           4.300000E-05           0.000000E+00           0.000000E+00          -1.700000E-05           0.000000E+00           0.000000E+00          -5.000000E-06           0.000000E+00           0.000000E+00           0.000000E+00
      2.431082E+06           9.020000E-04          -3.180000E-04           1.440000E-04           6.700000E-05           0.000000E+00           0.000000E+00          -2.600000E-05           0.000000E+00           0.000000E+00          -7.000000E-06           0.000000E+00           0.000000E+00           0.000000E+00
      9.700524E+05           1.825000E-03          -6.440000E-04           2.920000E-04           1.360000E-04           0.000000E+00           0.000000E+00          -5.300000E-05           0.000000E+00           0.000000E+00          -1.500000E-05           0.000000E+00           0.000000E+00           0.000000E+00
      4.054772E+05           3.140000E-03          -1.111000E-03           5.030000E-04           2.340000E-04           0.000000E+00           0.000000E+00          -9.200000E-05           0.000000E+00           0.000000E+00          -2.600000E-05           0.000000E+00           0.000000E+00           0.000000E+00
      1.765748E+05           5.790000E-03          -2.058000E-03           9.330000E-04           4.350000E-04           0.000000E+00           0.000000E+00          -1.710000E-04           0.000000E+00           0.000000E+00          -4.800000E-05           0.000000E+00           0.000000E+00           0.000000E+00
      7.961590E+04           1.018400E-02          -3.647000E-03           1.655000E-03           7.710000E-04           0.000000E+00           0.000000E+00          -3.040000E-04           0.000000E+00           0.000000E+00          -8.500000E-05           0.000000E+00           0.000000E+00           0.000000E+00
      3.707150E+04           1.836700E-02          -6.648000E-03           3.023000E-03           1.408000E-03           0.000000E+00           0.000000E+00          -5.550000E-04           0.000000E+00           0.000000E+00          -1.550000E-04           0.000000E+00           0.000000E+00           0.000000E+00
      1.776087E+04           3.277800E-02          -1.206800E-02           5.501000E-03           2.564000E-03           0.000000E+00           0.000000E+00          -1.010000E-03           0.000000E+00           0.000000E+00          -2.820000E-04           0.000000E+00           0.000000E+00           0.000000E+00
      8.729003E+03           5.887600E-02          -2.225400E-02           1.018600E-02           4.752000E-03           0.000000E+00           0.000000E+00          -1.872000E-03           0.000000E+00           0.000000E+00          -5.220000E-04           0.000000E+00           0.000000E+00           0.000000E+00
      4.396491E+03           1.024670E-01          -4.045100E-02           1.863500E-02           8.707000E-03           0.000000E+00           0.000000E+00          -3.430000E-03           0.000000E+00           0.000000E+00          -9.560000E-04           0.000000E+00           0.000000E+00           0.000000E+00
      2.274365E+03           1.662720E-01          -7.047900E-02           3.284500E-02           1.538300E-02           0.000000E+00           0.000000E+00          -6.066000E-03           0.000000E+00           0.000000E+00          -1.691000E-03           0.000000E+00           0.000000E+00           0.000000E+00
      1.213066E+03           2.325420E-01          -1.110150E-01           5.271500E-02           2.479400E-02           0.000000E+00           0.000000E+00          -9.780000E-03           0.000000E+00           0.000000E+00          -2.728000E-03           0.000000E+00           0.000000E+00           0.000000E+00
      6.684086E+02           2.561030E-01          -1.460090E-01           7.156900E-02           3.389000E-02           0.000000E+00           0.000000E+00          -1.340200E-02           0.000000E+00           0.000000E+00          -3.737000E-03           0.000000E+00           0.000000E+00           0.000000E+00
      3.792848E+02           1.947540E-01          -1.341510E-01           6.829700E-02           3.264500E-02           0.000000E+00           0.000000E+00          -1.290300E-02           0.000000E+00           0.000000E+00          -3.602000E-03           0.000000E+00           0.000000E+00           0.000000E+00
      2.202329E+02           8.546900E-02          -1.692000E-02           6.220000E-03           2.711000E-03           0.000000E+00           0.000000E+00          -1.113000E-03           0.000000E+00           0.000000E+00          -3.040000E-04           0.000000E+00           0.000000E+00           0.000000E+00
      1.305990E+02           1.516800E-02           2.001150E-01          -1.404090E-01          -7.171900E-02           0.000000E+00           0.000000E+00           2.899600E-02           0.000000E+00           0.000000E+00           8.090000E-03           0.000000E+00           0.000000E+00           0.000000E+00
      8.554790E+01           1.898000E-03           2.709760E-01          -2.225280E-01          -1.194750E-01           0.000000E+00           0.000000E+00           4.808900E-02           0.000000E+00           0.000000E+00           1.350900E-02           0.000000E+00           0.000000E+00           0.000000E+00
      6.028551E+01          -4.070000E-04           3.361450E-01          -3.375560E-01          -1.863250E-01           0.000000E+00           0.000000E+00           7.668400E-02           0.000000E+00           0.000000E+00           2.143200E-02           0.000000E+00           0.000000E+00           0.000000E+00
      3.771133E+01           3.580000E-04           2.804690E-01          -3.110020E-01          -1.827770E-01           0.000000E+00           0.000000E+00           7.540300E-02           0.000000E+00           0.000000E+00           2.125100E-02           0.000000E+00           0.000000E+00           0.000000E+00
      2.143992E+01          -2.800000E-04           7.296300E-02           1.831960E-01           1.275380E-01           0.000000E+00           0.000000E+00          -5.298200E-02           0.000000E+00           0.000000E+00          -1.501300E-02           0.000000E+00           0.000000E+00           0.000000E+00
      1.328996E+01           1.570000E-04          -8.730000E-04           6.237550E-01           6.255770E-01           0.000000E+00           0.000000E+00          -2.993000E-01           0.000000E+00           0.000000E+00          -8.567100E-02           0.000000E+00           0.000000E+00           0.000000E+00
      8.114876E+00          -1.310000E-04           3.571000E-03           4.419420E-01           5.987420E-01           0.000000E+00           0.000000E+00          -2.863080E-01           0.000000E+00           0.000000E+00          -8.217700E-02           0.000000E+00           0.000000E+00           0.000000E+00
      4.923861E+00           8.400000E-05          -1.815000E-03           1.178510E-01          -8.461200E-02           0.000000E+00           0.000000E+00           5.884500E-02           0.000000E+00           0.000000E+00           1.724400E-02           0.000000E+00           0.000000E+00           0.000000E+00
      2.866215E+00          -4.400000E-05           7.600000E-04           1.102800E-02          -7.383510E-01           0.000000E+00           0.000000E+00           5.090690E-01           0.000000E+00           0.000000E+00           1.550580E-01           0.000000E+00           0.000000E+00           0.000000E+00
      1.667258E+00           2.900000E-05          -5.530000E-04           1.383000E-03          -5.498870E-01           0.000000E+00           0.000000E+00           6.162360E-01           0.000000E+00           0.000000E+00           2.052710E-01           0.000000E+00           0.000000E+00           0.000000E+00
      9.233273E-01          -1.800000E-05           3.110000E-04           2.000000E-06          -1.039640E-01           0.000000E+00           0.000000E+00           3.151900E-02           0.000000E+00           0.000000E+00          -4.158000E-03           0.000000E+00           0.000000E+00           0.000000E+00
      8.637600E-01           0.000000E+00           0.000000E+00           0.000000E+00           0.000000E+00           1.000000E+00           0.000000E+00           0.000000E+00           0.000000E+00           0.000000E+00           0.000000E+00           0.000000E+00           0.000000E+00           0.000000E+00
      5.300178E-01           1.100000E-05          -1.920000E-04          -5.300000E-05          -1.182000E-03           0.000000E+00           0.000000E+00          -5.940030E-01           0.000000E+00           0.000000E+00          -2.239360E-01           0.000000E+00           0.000000E+00           0.000000E+00
      3.911000E-01           0.000000E+00           0.000000E+00           0.000000E+00           0.000000E+00           0.000000E+00           1.000000E+00           0.000000E+00           0.000000E+00           0.000000E+00           0.000000E+00           0.000000E+00           0.000000E+00           0.000000E+00
      2.986773E-01          -6.000000E-06           1.140000E-04          -6.900000E-05          -2.287000E-03           0.000000E+00           0.000000E+00          -6.012640E-01           0.000000E+00           0.000000E+00          -3.384260E-01           0.000000E+00           0.000000E+00           0.000000E+00
      1.770900E-01           0.000000E+00           0.000000E+00           0.000000E+00           0.000000E+00           0.000000E+00           0.000000E+00           0.000000E+00           1.000000E+00           0.000000E+00           0.000000E+00           0.000000E+00           0.000000E+00           0.000000E+00
      1.661554E-01           3.000000E-06          -5.100000E-05           3.000000E-06           3.030000E-04           0.000000E+00           0.000000E+00          -1.840680E-01           0.000000E+00           0.000000E+00          -2.373230E-01           0.000000E+00           0.000000E+00           0.000000E+00
      7.306632E-02          -1.000000E-06           2.600000E-05          -7.000000E-06          -2.120000E-04           0.000000E+00           0.000000E+00          -8.675000E-03           0.000000E+00           0.000000E+00           2.121790E-01           0.000000E+00           0.000000E+00           0.000000E+00
      4.038782E-02           1.000000E-06          -1.800000E-05           5.000000E-06           1.330000E-04           0.000000E+00           0.000000E+00           1.532000E-03           0.000000E+00           1.000000E+00           5.569820E-01           0.000000E+00           0.000000E+00           0.000000E+00
      2.210656E-02          -0.000000E+00           8.000000E-06          -2.000000E-06          -5.800000E-05           0.000000E+00           0.000000E+00          -5.010000E-04           0.000000E+00           0.000000E+00           4.211790E-01           1.000000E+00           0.000000E+00           0.000000E+00
      1.199998E-02           0.000000E+00          -2.000000E-06           1.000000E-06           1.400000E-05           0.000000E+00           0.000000E+00           9.900000E-05           0.000000E+00           0.000000E+00           7.532500E-02           0.000000E+00           1.000000E+00           0.000000E+00
      6.510000E-03           0.000000E+00           0.000000E+00           0.000000E+00           0.000000E+00           0.000000E+00           0.000000E+00           0.000000E+00           0.000000E+00           0.000000E+00           0.000000E+00           0.000000E+00           0.000000E+00           1.000000E+00
! p functions
H    34    12
      3.763920E+07           3.000000E-06          -2.000000E-06           1.000000E-06           0.000000E+00           0.000000E+00           0.000000E+00           0.000000E+00           0.000000E+00          -0.000000E+00           0.000000E+00           0.000000E+00           0.000000E+00
      8.287755E+06           7.000000E-06          -3.000000E-06           1.000000E-06           0.000000E+00           0.000000E+00           1.000000E-06           0.000000E+00           0.000000E+00          -0.000000E+00           0.000000E+00           0.000000E+00           0.000000E+00
      2.187164E+06           1.900000E-05          -9.000000E-06           4.000000E-06           0.000000E+00           0.000000E+00           1.000000E-06           0.000000E+00           0.000000E+00          -0.000000E+00           0.000000E+00           0.000000E+00           0.000000E+00
      6.493605E+05           4.600000E-05          -2.200000E-05           1.000000E-05           0.000000E+00           0.000000E+00           4.000000E-06           0.000000E+00           0.000000E+00          -1.000000E-06           0.000000E+00           0.000000E+00           0.000000E+00
      2.120636E+05           1.150000E-04          -5.500000E-05           2.500000E-05           0.000000E+00           0.000000E+00           9.000000E-06           0.000000E+00           0.000000E+00          -2.000000E-06           0.000000E+00           0.000000E+00           0.000000E+00
      7.507237E+04           2.890000E-04          -1.380000E-04           6.300000E-05           0.000000E+00           0.000000E+00           2.200000E-05           0.000000E+00           0.000000E+00          -5.000000E-06           0.000000E+00           0.000000E+00           0.000000E+00
      2.851880E+04           7.560000E-04          -3.620000E-04           1.650000E-04           0.000000E+00           0.000000E+00           5.900000E-05           0.000000E+00           0.000000E+00          -1.400000E-05           0.000000E+00           0.000000E+00           0.000000E+00
      1.157170E+04           2.031000E-03          -9.760000E-04           4.450000E-04           0.000000E+00           0.000000E+00           1.590000E-04           0.000000E+00           0.000000E+00          -3.900000E-05           0.000000E+00           0.000000E+00           0.000000E+00
      4.998457E+03           5.547000E-03          -2.679000E-03           1.222000E-03           0.000000E+00           0.000000E+00           4.370000E-04           0.000000E+00           0.000000E+00          -1.060000E-04           0.000000E+00           0.000000E+00           0.000000E+00
      2.287855E+03           1.500500E-02          -7.319000E-03           3.345000E-03           0.000000E+00           0.000000E+00           1.197000E-03           0.000000E+00           0.000000E+00          -2.900000E-04           0.000000E+00           0.000000E+00           0.000000E+00
      1.102121E+03           3.878500E-02          -1.920200E-02           8.805000E-03           0.000000E+00           0.000000E+00           3.155000E-03           0.000000E+00           0.000000E+00          -7.650000E-04           0.000000E+00           0.000000E+00           0.000000E+00
      5.545939E+02           9.111900E-02          -4.638800E-02           2.139500E-02           0.000000E+00           0.000000E+00           7.666000E-03           0.000000E+00           0.000000E+00          -1.859000E-03           0.000000E+00           0.000000E+00           0.000000E+00
      2.892994E+02           1.821890E-01          -9.638200E-02           4.482400E-02           0.000000E+00           0.000000E+00           1.610700E-02           0.000000E+00           0.000000E+00          -3.908000E-03           0.000000E+00           0.000000E+00           0.000000E+00
      1.552267E+02           2.869530E-01          -1.600200E-01           7.535900E-02           0.000000E+00           0.000000E+00           2.709900E-02           0.000000E+00           0.000000E+00          -6.575000E-03           0.000000E+00           0.000000E+00           0.000000E+00
      8.525158E+01           3.122270E-01          -1.736760E-01           8.164800E-02           0.000000E+00           0.000000E+00           2.944200E-02           0.000000E+00           0.000000E+00          -7.146000E-03           0.000000E+00           0.000000E+00           0.000000E+00
      4.760614E+01           1.950200E-01          -2.727400E-02          -7.800000E-05           0.000000E+00           0.000000E+00          -1.155000E-03           0.000000E+00           0.000000E+00           3.090000E-04           0.000000E+00           0.000000E+00           0.000000E+00
      2.698777E+01           5.649600E-02           2.585460E-01          -1.707640E-01           0.000000E+00           0.000000E+00          -6.507200E-02           0.000000E+00           0.000000E+00           1.587900E-02           0.000000E+00           0.000000E+00           0.000000E+00
      1.556138E+01           5.883000E-03           4.565670E-01          -3.381410E-01           0.000000E+00           0.000000E+00          -1.343580E-01           0.000000E+00           0.000000E+00           3.293400E-02           0.000000E+00           0.000000E+00           0.000000E+00
      9.000006E+00           3.400000E-04           3.191970E-01          -2.039030E-01           0.000000E+00           0.000000E+00          -7.234200E-02           0.000000E+00           0.000000E+00           1.748700E-02           0.000000E+00           0.000000E+00           0.000000E+00
      5.078548E+00          -1.070000E-04           8.559800E-02           2.705860E-01           0.000000E+00           0.000000E+00           1.405550E-01           0.000000E+00           0.000000E+00          -3.524100E-02           0.000000E+00           0.000000E+00           0.000000E+00
      2.804501E+00          -8.000000E-05           5.948000E-03           5.660880E-01           0.000000E+00           0.000000E+00           3.148610E-01           0.000000E+00           0.000000E+00          -8.020600E-02           0.000000E+00           0.000000E+00           0.000000E+00
      1.545711E+00          -1.500000E-05           1.144000E-03           3.325590E-01           0.000000E+00           0.000000E+00           2.060010E-01           0.000000E+00           0.000000E+00          -5.290700E-02           0.000000E+00           0.000000E+00           0.000000E+00
      8.386175E-01          -6.000000E-06          -3.410000E-04           6.296200E-02           0.000000E+00           0.000000E+00          -2.045170E-01           0.000000E+00           0.000000E+00           6.238000E-02           0.000000E+00           0.000000E+00           0.000000E+00
      8.217000E-01           0.000000E+00           0.000000E+00           0.000000E+00           1.000000E+00           0.000000E+00           0.000000E+00           0.000000E+00           0.000000E+00           0.000000E+00           0.000000E+00           0.000000E+00           0.000000E+00
      4.441693E-01           3.000000E-06           1.920000E-04           4.097000E-03           0.000000E+00           0.000000E+00          -5.027200E-01           0.000000E+00           0.000000E+00           1.486870E-01           0.000000E+00           0.000000E+00           0.000000E+00
      3.665100E-01           0.000000E+00           0.000000E+00           0.000000E+00           0.000000E+00           1.000000E+00           0.000000E+00           0.000000E+00           0.000000E+00           0.000000E+00           0.000000E+00           0.000000E+00           0.000000E+00
      2.358408E-01          -2.000000E-06          -1.420000E-04           2.050000E-04           0.000000E+00           0.000000E+00          -3.935640E-01           0.000000E+00           0.000000E+00           1.756830E-01           0.000000E+00           0.000000E+00           0.000000E+00
      1.634700E-01           0.000000E+00           0.000000E+00           0.000000E+00           0.000000E+00           0.000000E+00           0.000000E+00           1.000000E+00           0.000000E+00           0.000000E+00           0.000000E+00           0.000000E+00           0.000000E+00
      1.226916E-01           1.000000E-06           9.800000E-05           1.900000E-05           0.000000E+00           0.000000E+00          -1.119540E-01           0.000000E+00           0.000000E+00           6.508700E-02           0.000000E+00           0.000000E+00           0.000000E+00
      6.729952E-02          -1.000000E-06          -6.600000E-05          -1.010000E-04           0.000000E+00           0.000000E+00          -9.205000E-03           0.000000E+00           0.000000E+00          -2.570060E-01           0.000000E+00           0.000000E+00           0.000000E+00
      3.635648E-02           1.000000E-06           4.000000E-05           2.800000E-05           0.000000E+00           0.000000E+00          -3.857000E-03           0.000000E+00           1.000000E+00          -4.842530E-01           0.000000E+00           0.000000E+00           0.000000E+00
      2.006109E-02          -0.000000E+00          -1.800000E-05          -2.100000E-05           0.000000E+00           0.000000E+00           4.000000E-04           0.000000E+00           0.000000E+00          -3.479010E-01           1.000000E+00           0.000000E+00           0.000000E+00
      1.081972E-02           0.000000E+00           5.000000E-06           5.000000E-06           0.000000E+00           0.000000E+00          -1.660000E-04           0.000000E+00           0.000000E+00          -7.301100E-02           0.000000E+00           1.000000E+00           0.000000E+00
      5.840000E-03           0.000000E+00           0.000000E+00           0.000000E+00           0.000000E+00           0.000000E+00           0.000000E+00           0.000000E+00           0.000000E+00           0.000000E+00           0.000000E+00           0.000000E+00           1.000000E+00
! d functions
H    24    10
      3.414526E+04           7.000000E-06          -3.000000E-06           0.000000E+00           0.000000E+00           0.000000E+00           0.000000E+00           1.000000E-06           0.000000E+00           0.000000E+00           0.000000E+00
      8.451033E+03           5.200000E-05          -2.300000E-05           0.000000E+00           0.000000E+00           0.000000E+00           0.000000E+00           4.000000E-06           0.000000E+00           0.000000E+00           0.000000E+00
      2.921844E+03           2.900000E-04          -1.280000E-04           0.000000E+00           0.000000E+00           0.000000E+00           0.000000E+00           2.400000E-05           0.000000E+00           0.000000E+00           0.000000E+00
      1.204590E+03           1.366000E-03          -6.070000E-04           0.000000E+00           0.000000E+00           0.000000E+00           0.000000E+00           1.130000E-04           0.000000E+00           0.000000E+00           0.000000E+00
      5.543348E+02           5.549000E-03          -2.472000E-03           0.000000E+00           0.000000E+00           0.000000E+00           0.000000E+00           4.600000E-04           0.000000E+00           0.000000E+00           0.000000E+00
      2.752088E+02           1.899300E-02          -8.527000E-03           0.000000E+00           0.000000E+00           0.000000E+00           0.000000E+00           1.585000E-03           0.000000E+00           0.000000E+00           0.000000E+00
      1.439212E+02           5.375500E-02          -2.433100E-02           0.000000E+00           0.000000E+00           0.000000E+00           0.000000E+00           4.531000E-03           0.000000E+00           0.000000E+00           0.000000E+00
      7.815280E+01           1.245780E-01          -5.738100E-02           0.000000E+00           0.000000E+00           0.000000E+00           0.000000E+00           1.070000E-02           0.000000E+00           0.000000E+00           0.000000E+00
      4.358028E+01           2.255690E-01          -1.035520E-01           0.000000E+00           0.000000E+00           0.000000E+00           0.000000E+00           1.931700E-02           0.000000E+00           0.000000E+00           0.000000E+00
      2.462678E+01           3.084060E-01          -1.371270E-01           0.000000E+00           0.000000E+00           0.000000E+00           0.000000E+00           2.546200E-02           0.000000E+00           0.000000E+00           0.000000E+00
      1.409955E+01           2.892020E-01          -1.017180E-01           0.000000E+00           0.000000E+00           0.000000E+00           0.000000E+00           1.804500E-02           0.000000E+00           0.000000E+00           0.000000E+00
      8.083892E+00           1.572220E-01           7.418900E-02           0.000000E+00           0.000000E+00           0.000000E+00           0.000000E+00          -1.884900E-02           0.000000E+00           0.000000E+00           0.000000E+00
      4.581708E+00           4.124500E-02           2.999390E-01           0.000000E+00           0.000000E+00           0.000000E+00           0.000000E+00          -6.481400E-02           0.000000E+00           0.000000E+00           0.000000E+00
      2.564755E+00           3.617000E-03           3.988100E-01           0.000000E+00           0.000000E+00           0.000000E+00           0.000000E+00          -8.784900E-02           0.000000E+00           0.000000E+00           0.000000E+00
      1.741730E+00           0.000000E+00           0.000000E+00           1.000000E+00           0.000000E+00           0.000000E+00           0.000000E+00           0.000000E+00           0.000000E+00           0.000000E+00           0.000000E+00
      1.411732E+00           1.610000E-04           2.810570E-01           0.000000E+00           0.000000E+00           0.000000E+00           0.000000E+00          -4.916700E-02           0.000000E+00           0.000000E+00           0.000000E+00
      9.767800E-01           0.000000E+00           0.000000E+00           0.000000E+00           1.000000E+00           0.000000E+00           0.000000E+00           0.000000E+00           0.000000E+00           0.000000E+00           0.000000E+00
      7.452189E-01          -7.800000E-05           9.745100E-02           0.000000E+00           0.000000E+00           0.000000E+00           0.000000E+00           7.712200E-02           0.000000E+00           0.000000E+00           0.000000E+00
      5.477900E-01           0.000000E+00           0.000000E+00           0.000000E+00           0.000000E+00           1.000000E+00           0.000000E+00           0.000000E+00           0.000000E+00           0.000000E+00           0.000000E+00
      3.522537E-01          -4.000000E-06           1.073100E-02           0.000000E+00           0.000000E+00           0.000000E+00           0.000000E+00           2.479860E-01           0.000000E+00           0.000000E+00           0.000000E+00
      1.508476E-01          -6.000000E-06          -5.000000E-05           0.000000E+00           0.000000E+00           0.000000E+00           1.000000E+00           3.827040E-01           0.000000E+00           0.000000E+00           0.000000E+00
      6.183552E-02           2.000000E-06           9.200000E-05           0.000000E+00           0.000000E+00           0.000000E+00           0.000000E+00           3.962460E-01           1.000000E+00           0.000000E+00           0.000000E+00
      2.463192E-02          -1.000000E-06          -2.900000E-05           0.000000E+00           0.000000E+00           0.000000E+00           0.000000E+00           1.741120E-01           0.000000E+00           1.000000E+00           0.000000E+00
      9.850000E-03           0.000000E+00           0.000000E+00           0.000000E+00           0.000000E+00           0.000000E+00           0.000000E+00           0.000000E+00           0.000000E+00           0.000000E+00           1.000000E+00
! f functions
H    7    7
      1.132299E+01           1.000000E+00           0.000000E+00           0.000000E+00           0.000000E+00           0.000000E+00           0.000000E+00           0.000000E+00
      3.398963E+00           0.000000E+00           1.000000E+00           0.000000E+00           0.000000E+00           0.000000E+00           0.000000E+00           0.000000E+00
      9.298620E-01           0.000000E+00           0.000000E+00           1.000000E+00           0.000000E+00           0.000000E+00           0.000000E+00           0.000000E+00
      4.901600E-01           0.000000E+00           0.000000E+00           0.000000E+00           1.000000E+00           0.000000E+00           0.000000E+00           0.000000E+00
      2.200130E-01           0.000000E+00           0.000000E+00           0.000000E+00           0.000000E+00           1.000000E+00           0.000000E+00           0.000000E+00
      7.490600E-02           0.000000E+00           0.000000E+00           0.000000E+00           0.000000E+00           0.000000E+00           1.000000E+00           0.000000E+00
      2.996000E-02           0.000000E+00           0.000000E+00           0.000000E+00           0.000000E+00           0.000000E+00           0.000000E+00           1.000000E+00
! g functions
H    3    3
      9.870200E-01           1.000000E+00           0.000000E+00           0.000000E+00
      3.081500E-01           0.000000E+00           1.000000E+00           0.000000E+00
      5.334000E-02           0.000000E+00           0.000000E+00           1.000000E+00

