! Downloaded 26-Jan-2024
!----------------------------------------------------------------------
! Basis Set Exchange
! Version v0.9.1
! https://www.basissetexchange.org
!----------------------------------------------------------------------
!   Basis set: aug-cc-pVTZ-DK3
! Description: aug-cc-pVTZ-DK3
!        Role: orbital
!     Version: 1  (Data from ccRepo)
!----------------------------------------------------------------------

! REFERENCE
! In-Xe : D.H. Bross and K.A. Peterson, Theor. Chem. Acc. 133, 1434 (2014). DOI 10.1007/s00214-013-1434-9
!
! Cs,Ba : J.G. Hill and K.A. Peterson, J. Chem. Phys. 147, 244106 (2018). DOI 10.1063/1.5010587

! Basis = aug-cc-pVTZ-DK3

a 49
! INDIUM       (29s,22p,15d,2f) -> [8s,7p,5d,2f]
! s functions
H    29    8
      4.436065E+08           3.4614600E-05         -1.1828000E-05          5.1994200E-06         -2.2325600E-06          0.0000000E+00          6.2112900E-07          0.0000000E+00          0.0000000E+00
      7.496149E+07           8.6250500E-05         -2.9471800E-05          1.2955300E-05         -5.5628200E-06          0.0000000E+00          1.5476200E-06          0.0000000E+00          0.0000000E+00
      1.621421E+07           2.3674900E-04         -8.0925600E-05          3.5575800E-05         -1.5275900E-05          0.0000000E+00          4.2500100E-06          0.0000000E+00          0.0000000E+00
      4.286444E+06           5.3304200E-04         -1.8236400E-04          8.0178000E-05         -3.4428200E-05          0.0000000E+00          9.5782000E-06          0.0000000E+00          0.0000000E+00
      1.330849E+06           1.1175400E-03         -3.8291400E-04          1.6839200E-04         -7.2311600E-05          0.0000000E+00          2.0118900E-05          0.0000000E+00          0.0000000E+00
      4.690714E+05           2.1814400E-03         -7.4942000E-04          3.2968000E-04         -1.4157800E-04          0.0000000E+00          3.9387200E-05          0.0000000E+00          0.0000000E+00
      1.824060E+05           4.1272000E-03         -1.4233500E-03          6.2654700E-04         -2.6911400E-04          0.0000000E+00          7.4883900E-05          0.0000000E+00          0.0000000E+00
      7.643735E+04           7.6741800E-03         -2.6633700E-03          1.1732800E-03         -5.0397300E-04          0.0000000E+00          1.4018800E-04          0.0000000E+00          0.0000000E+00
      3.386732E+04           1.4316400E-02         -5.0136300E-03          2.2120800E-03         -9.5063900E-04          0.0000000E+00          2.6462200E-04          0.0000000E+00          0.0000000E+00
      1.563060E+04           2.6977100E-02         -9.5922700E-03          4.2397400E-03         -1.8222000E-03          0.0000000E+00          5.0672800E-04          0.0000000E+00          0.0000000E+00
      7.429677E+03           5.1386800E-02         -1.8704400E-02          8.3007000E-03         -3.5717900E-03          0.0000000E+00          9.9495700E-04          0.0000000E+00          0.0000000E+00
      3.607574E+03           9.6984600E-02         -3.6813000E-02          1.6424200E-02         -7.0714600E-03          0.0000000E+00          1.9660000E-03          0.0000000E+00          0.0000000E+00
      1.779653E+03           1.7313000E-01         -7.0657100E-02          3.1903500E-02         -1.3777900E-02          0.0000000E+00          3.8428500E-03          0.0000000E+00          0.0000000E+00
      8.890555E+02           2.6658300E-01         -1.2459700E-01          5.7371100E-02         -2.4855700E-02          0.0000000E+00          6.9118200E-03          0.0000000E+00          0.0000000E+00
      4.491276E+02           3.0093100E-01         -1.7610400E-01          8.4360600E-02         -3.6888500E-02          0.0000000E+00          1.0329200E-02          0.0000000E+00          0.0000000E+00
      2.294086E+02           1.8878600E-01         -1.3348800E-01          6.7000600E-02         -2.9518700E-02          0.0000000E+00          8.1709000E-03          0.0000000E+00          0.0000000E+00
      1.185713E+02           4.1978000E-02          1.3516500E-01         -8.4923900E-02          3.8951700E-02          0.0000000E+00         -1.0781600E-02          0.0000000E+00          0.0000000E+00
      6.208556E+01           2.0549900E-03          4.9725600E-01         -3.9744700E-01          1.9402700E-01          0.0000000E+00         -5.5623700E-02          0.0000000E+00          0.0000000E+00
      3.297132E+01          -1.1256500E-04          4.3019500E-01         -4.6913500E-01          2.4237000E-01          0.0000000E+00         -6.8726500E-02          0.0000000E+00          0.0000000E+00
      1.777028E+01           1.8879400E-04          1.1116500E-01          5.7696400E-02         -3.2787000E-02          0.0000000E+00          7.0570200E-03          0.0000000E+00          0.0000000E+00
      9.716880E+00          -2.5010300E-04          8.7039900E-03          6.9651600E-01         -5.7452700E-01          0.0000000E+00          1.8616300E-01          0.0000000E+00          0.0000000E+00
      5.381261E+00           1.5102800E-04         -2.7944300E-04          4.8214500E-01         -6.3450100E-01          0.0000000E+00          2.0538900E-01          0.0000000E+00          0.0000000E+00
      3.007489E+00          -8.3194800E-05          3.6292300E-04          7.9240600E-02          2.7224600E-01          0.0000000E+00         -1.1014600E-01          0.0000000E+00          0.0000000E+00
      1.492870E+00           3.8136800E-05         -3.2822000E-04          7.3169600E-03          8.2465000E-01          0.0000000E+00         -3.9352800E-01          0.0000000E+00          0.0000000E+00
      7.289785E-01          -1.2493300E-05          6.7551400E-05         -9.9661400E-05          3.6892400E-01          0.0000000E+00         -2.8176500E-01          0.0000000E+00          0.0000000E+00
      2.195798E-01           4.4442600E-06         -3.1436700E-05          3.2145500E-04          1.5381900E-02          1.0000000E+00          3.8323500E-01          0.0000000E+00          0.0000000E+00
      1.034893E-01          -2.7702900E-06          1.9686000E-05         -1.9246900E-04         -4.2637500E-03          0.0000000E+00          6.0415100E-01          0.0000000E+00          0.0000000E+00
      4.626108E-02           7.8627600E-07         -5.5233300E-06          5.2620200E-05          9.9071900E-04          0.0000000E+00          2.3997500E-01          1.0000000E+00          0.0000000E+00
      1.924816E-02           0.0000000E+00          0.0000000E+00          0.0000000E+00          0.0000000E+00          0.0000000E+00          0.0000000E+00          0.0000000E+00          1.0000000E+00
! p functions
H    22    7
      2.391995E+06           1.6384000E-05         -7.5118700E-06         -3.0729100E-06          0.0000000E+00         -6.1329000E-07          0.0000000E+00          0.0000000E+00
      3.823015E+05           5.8141000E-05         -2.6683200E-05         -1.0916900E-05          0.0000000E+00         -2.1782700E-06          0.0000000E+00          0.0000000E+00
      8.322868E+04           2.0948200E-04         -9.6267800E-05         -3.9400400E-05          0.0000000E+00         -7.8669900E-06          0.0000000E+00          0.0000000E+00
      2.305570E+04           7.0979800E-04         -3.2699500E-04         -1.3385900E-04          0.0000000E+00         -2.6694600E-05          0.0000000E+00          0.0000000E+00
      7.681445E+03           2.3755600E-03         -1.0982200E-03         -4.5006200E-04          0.0000000E+00         -8.9952300E-05          0.0000000E+00          0.0000000E+00
      2.940123E+03           7.7422400E-03         -3.6028000E-03         -1.4773400E-03          0.0000000E+00         -2.9443400E-04          0.0000000E+00          0.0000000E+00
      1.246511E+03           2.3803800E-02         -1.1206000E-02         -4.6088000E-03          0.0000000E+00         -9.2228400E-04          0.0000000E+00          0.0000000E+00
      5.689973E+02           6.6280800E-02         -3.1916800E-02         -1.3170900E-02          0.0000000E+00         -2.6255200E-03          0.0000000E+00          0.0000000E+00
      2.737046E+02           1.5630100E-01         -7.8124400E-02         -3.2506200E-02          0.0000000E+00         -6.5202200E-03          0.0000000E+00          0.0000000E+00
      1.365712E+02           2.8666500E-01         -1.5103100E-01         -6.3440400E-02          0.0000000E+00         -1.2658400E-02          0.0000000E+00          0.0000000E+00
      6.989327E+01           3.5444500E-01         -1.9365400E-01         -8.2230800E-02          0.0000000E+00         -1.6613100E-02          0.0000000E+00          0.0000000E+00
      3.639363E+01           2.2993300E-01         -5.1303900E-02         -1.2043600E-02          0.0000000E+00         -1.8536800E-03          0.0000000E+00          0.0000000E+00
      1.916628E+01           5.8431400E-02          2.8946400E-01          1.6527500E-01          0.0000000E+00          3.3849800E-02          0.0000000E+00          0.0000000E+00
      1.015664E+01           4.3852100E-03          5.1206300E-01          3.3145700E-01          0.0000000E+00          7.1947200E-02          0.0000000E+00          0.0000000E+00
      5.386172E+00           1.5943800E-04          2.8542300E-01          1.3284300E-01          0.0000000E+00          2.2420800E-02          0.0000000E+00          0.0000000E+00
      2.838334E+00          -3.3914200E-05          4.3437800E-02         -3.8535200E-01          0.0000000E+00         -9.6215300E-02          0.0000000E+00          0.0000000E+00
      1.411205E+00          -8.1108300E-05          3.7259000E-03         -5.6050300E-01          0.0000000E+00         -1.5913600E-01          0.0000000E+00          0.0000000E+00
      6.698350E-01          -3.3900800E-07         -7.7869500E-05         -2.5285500E-01          0.0000000E+00         -5.9410700E-02          0.0000000E+00          0.0000000E+00
      2.436306E-01          -6.9277000E-06          1.8253300E-04         -2.0539500E-02          1.0000000E+00          2.2131900E-01          0.0000000E+00          0.0000000E+00
      1.031136E-01           3.0072800E-06         -9.2230400E-05          1.6526500E-03          0.0000000E+00          5.0589700E-01          0.0000000E+00          0.0000000E+00
      3.965244E-02          -7.9227500E-07          2.4113800E-05         -6.3067400E-04          0.0000000E+00          4.2141500E-01          1.0000000E+00          0.0000000E+00
      1.188103E-02           0.0000000E+00          0.0000000E+00          0.0000000E+00          0.0000000E+00          0.0000000E+00          0.0000000E+00          1.0000000E+00
! d functions
H    15    5
      3.463864E+03           1.6159600E-04         -5.7458700E-05          0.0000000E+00          0.0000000E+00          0.0000000E+00
      9.766475E+02           1.3635300E-03         -4.8559400E-04          0.0000000E+00          0.0000000E+00          0.0000000E+00
      3.616660E+02           8.0264700E-03         -2.8716500E-03          0.0000000E+00          0.0000000E+00          0.0000000E+00
      1.566565E+02           3.2716500E-02         -1.1779700E-02          0.0000000E+00          0.0000000E+00          0.0000000E+00
      7.391845E+01           1.0034400E-01         -3.6625400E-02          0.0000000E+00          0.0000000E+00          0.0000000E+00
      3.654534E+01           2.2455600E-01         -8.2662100E-02          0.0000000E+00          0.0000000E+00          0.0000000E+00
      1.857461E+01           3.4316400E-01         -1.2233700E-01          0.0000000E+00          0.0000000E+00          0.0000000E+00
      9.593488E+00           3.3647200E-01         -1.0037500E-01          0.0000000E+00          0.0000000E+00          0.0000000E+00
      4.952156E+00           1.6329200E-01          8.0565800E-02          0.0000000E+00          0.0000000E+00          0.0000000E+00
      2.489669E+00           2.8934500E-02          3.2754400E-01          0.0000000E+00          0.0000000E+00          0.0000000E+00
      1.200088E+00           1.2944000E-03          4.1494600E-01          0.0000000E+00          0.0000000E+00          0.0000000E+00
      5.547955E-01           9.0333000E-05          2.9063900E-01          0.0000000E+00          0.0000000E+00          0.0000000E+00
      2.419089E-01          -1.3863900E-05          9.4208000E-02          1.0000000E+00          0.0000000E+00          0.0000000E+00
      9.017915E-02           9.0700700E-07          6.0970300E-03          0.0000000E+00          1.0000000E+00          0.0000000E+00
      3.016351E-02           0.0000000E+00          0.0000000E+00          0.0000000E+00          0.0000000E+00          1.0000000E+00
! f functions
H    2    2
      2.543818E-01           1.0000000E+00          0.0000000E+00
      8.885096E-02           0.0000000E+00          1.0000000E+00
a 50
! TIN       (29s,22p,15d,2f) -> [8s,7p,5d,2f]
! s functions
H    29    8
      4.682122E+08           3.6354200E-05         -1.2471300E-05          5.5079900E-06         -2.3962800E-06          0.0000000E+00          7.1907000E-07          0.0000000E+00          0.0000000E+00
      7.478291E+07           9.5294900E-05         -3.2689800E-05          1.4437400E-05         -6.2810400E-06          0.0000000E+00          1.8847600E-06          0.0000000E+00          0.0000000E+00
      1.593088E+07           2.5641200E-04         -8.7991600E-05          3.8864000E-05         -1.6908200E-05          0.0000000E+00          5.0738200E-06          0.0000000E+00          0.0000000E+00
      4.255039E+06           5.6454200E-04         -1.9390400E-04          8.5652200E-05         -3.7264500E-05          0.0000000E+00          1.1181900E-05          0.0000000E+00          0.0000000E+00
      1.352709E+06           1.1492600E-03         -3.9534900E-04          1.7468200E-04         -7.6003600E-05          0.0000000E+00          2.2808100E-05          0.0000000E+00          0.0000000E+00
      4.902998E+05           2.1840500E-03         -7.5328100E-04          3.3293100E-04         -1.4486200E-04          0.0000000E+00          4.3467000E-05          0.0000000E+00          0.0000000E+00
      1.956812E+05           4.0456900E-03         -1.4006800E-03          6.1949400E-04         -2.6960100E-04          0.0000000E+00          8.0917300E-05          0.0000000E+00          0.0000000E+00
      8.366405E+04           7.4172800E-03         -2.5836300E-03          1.1433900E-03         -4.9761500E-04          0.0000000E+00          1.4929200E-04          0.0000000E+00          0.0000000E+00
      3.752734E+04           1.3738500E-02         -4.8277300E-03          2.1401800E-03         -9.3188600E-04          0.0000000E+00          2.7980000E-04          0.0000000E+00          0.0000000E+00
      1.739332E+04           2.5862500E-02         -9.2213200E-03          4.0938400E-03         -1.7827200E-03          0.0000000E+00          5.3469900E-04          0.0000000E+00          0.0000000E+00
      8.244896E+03           4.9469800E-02         -1.8045300E-02          8.0454500E-03         -3.5075000E-03          0.0000000E+00          1.0538300E-03          0.0000000E+00          0.0000000E+00
      3.972629E+03           9.4196100E-02         -3.5774900E-02          1.6026700E-02         -6.9914500E-03          0.0000000E+00          2.0966300E-03          0.0000000E+00          0.0000000E+00
      1.940035E+03           1.7013100E-01         -6.9355400E-02          3.1450300E-02         -1.3759800E-02          0.0000000E+00          4.1391200E-03          0.0000000E+00          0.0000000E+00
      9.598419E+02           2.6529800E-01         -1.2340800E-01          5.7013900E-02         -2.5026600E-02          0.0000000E+00          7.5073900E-03          0.0000000E+00          0.0000000E+00
      4.817090E+02           3.0317400E-01         -1.7601300E-01          8.4624700E-02         -3.7484400E-02          0.0000000E+00          1.1320800E-02          0.0000000E+00          0.0000000E+00
      2.457328E+02           1.9423500E-01         -1.3727300E-01          6.8978700E-02         -3.0793900E-02          0.0000000E+00          9.1969700E-03          0.0000000E+00          0.0000000E+00
      1.276853E+02           4.5803500E-02          1.1722800E-01         -7.3792400E-02          3.4289100E-02          0.0000000E+00         -1.0205100E-02          0.0000000E+00          0.0000000E+00
      6.766692E+01           2.5686000E-03          4.7114300E-01         -3.7273200E-01          1.8401400E-01          0.0000000E+00         -5.6994900E-02          0.0000000E+00          0.0000000E+00
      3.656173E+01          -1.1977500E-04          4.4201100E-01         -4.7246700E-01          2.4649000E-01          0.0000000E+00         -7.5343900E-02          0.0000000E+00          0.0000000E+00
      2.008594E+01           2.1970000E-04          1.3694500E-01         -3.2043100E-02          2.0084500E-02          0.0000000E+00         -9.3379100E-03          0.0000000E+00          0.0000000E+00
      1.115223E+01          -2.6657400E-04          1.2387200E-02          6.4068200E-01         -5.0933500E-01          0.0000000E+00          1.7758000E-01          0.0000000E+00          0.0000000E+00
      6.195252E+00           1.4705700E-04          4.2544600E-04          5.6173500E-01         -7.0990800E-01          0.0000000E+00          2.5036000E-01          0.0000000E+00          0.0000000E+00
      3.392243E+00          -8.0279500E-05          7.3103900E-05          1.1036100E-01          1.7077200E-01          0.0000000E+00         -7.9359000E-02          0.0000000E+00          0.0000000E+00
      1.692210E+00           3.9150600E-05         -2.1748900E-04          7.9841300E-03          8.4199100E-01          0.0000000E+00         -4.3234900E-01          0.0000000E+00          0.0000000E+00
      8.337368E-01          -1.3374200E-05          2.1654100E-05          9.2010500E-05          4.1385100E-01          0.0000000E+00         -3.4154200E-01          0.0000000E+00          0.0000000E+00
      2.674841E-01           4.9982300E-06         -1.6469100E-05          3.1188300E-04          1.9361700E-02          1.0000000E+00          4.0026800E-01          0.0000000E+00          0.0000000E+00
      1.279406E-01          -3.0338200E-06          1.0562600E-05         -1.9340400E-04         -4.7538800E-03          0.0000000E+00          6.2406500E-01          0.0000000E+00          0.0000000E+00
      5.768231E-02           8.3361200E-07         -2.7007000E-06          4.9124800E-05          1.0996400E-03          0.0000000E+00          2.3402300E-01          1.0000000E+00          0.0000000E+00
      2.682675E-02           0.0000000E+00          0.0000000E+00          0.0000000E+00          0.0000000E+00          0.0000000E+00          0.0000000E+00          0.0000000E+00          1.0000000E+00
! p functions
H    22    7
      2.798244E+06           1.5792100E-05         -7.2844000E-06         -3.0333900E-06          0.0000000E+00         -7.0958500E-07          0.0000000E+00          0.0000000E+00
      4.422990E+05           5.5955900E-05         -2.5834400E-05         -1.0759300E-05          0.0000000E+00         -2.5164500E-06          0.0000000E+00          0.0000000E+00
      9.550534E+04           1.9929000E-04         -9.2143000E-05         -3.8390200E-05          0.0000000E+00         -8.9835900E-06          0.0000000E+00          0.0000000E+00
      2.628073E+04           6.6581100E-04         -3.0852800E-04         -1.2856500E-04          0.0000000E+00         -3.0057600E-05          0.0000000E+00          0.0000000E+00
      8.703660E+03           2.1992900E-03         -1.0229500E-03         -4.2675600E-04          0.0000000E+00         -9.9946700E-05          0.0000000E+00          0.0000000E+00
      3.312470E+03           7.1087800E-03         -3.3259200E-03         -1.3882000E-03          0.0000000E+00         -3.2441000E-04          0.0000000E+00          0.0000000E+00
      1.396777E+03           2.1853800E-02         -1.0343800E-02         -4.3304000E-03          0.0000000E+00         -1.0153100E-03          0.0000000E+00          0.0000000E+00
      6.344685E+02           6.1306600E-02         -2.9629400E-02         -1.2442600E-02          0.0000000E+00         -2.9088300E-03          0.0000000E+00          0.0000000E+00
      3.039916E+02           1.4690600E-01         -7.3666100E-02         -3.1192300E-02          0.0000000E+00         -7.3297900E-03          0.0000000E+00          0.0000000E+00
      1.513054E+02           2.7578000E-01         -1.4544500E-01         -6.2147400E-02          0.0000000E+00         -1.4549600E-02          0.0000000E+00          0.0000000E+00
      7.739417E+01           3.5445700E-01         -1.9551900E-01         -8.4639200E-02          0.0000000E+00         -2.0017600E-02          0.0000000E+00          0.0000000E+00
      4.037608E+01           2.4553600E-01         -7.3332600E-02         -2.3294100E-02          0.0000000E+00         -4.9160000E-03          0.0000000E+00          0.0000000E+00
      2.136087E+01           6.9377500E-02          2.5500500E-01          1.4944900E-01          0.0000000E+00          3.6083900E-02          0.0000000E+00          0.0000000E+00
      1.140144E+01           5.9601500E-03          5.0620000E-01          3.3024800E-01          0.0000000E+00          8.3991900E-02          0.0000000E+00          0.0000000E+00
      6.103777E+00           2.1723500E-04          3.1770000E-01          1.7771600E-01          0.0000000E+00          3.9154600E-02          0.0000000E+00          0.0000000E+00
      3.251674E+00          -2.8804800E-05          5.7576300E-02         -3.4301300E-01          0.0000000E+00         -1.0343600E-01          0.0000000E+00          0.0000000E+00
      1.635136E+00          -9.4129800E-05          4.8635600E-03         -5.7464600E-01          0.0000000E+00         -1.9159900E-01          0.0000000E+00          0.0000000E+00
      7.926676E-01           9.0330200E-07         -1.1387700E-04         -2.8534300E-01          0.0000000E+00         -9.0798100E-02          0.0000000E+00          0.0000000E+00
      3.117222E-01          -8.8703200E-06          2.3600200E-04         -2.7255000E-02          1.0000000E+00          2.2819900E-01          0.0000000E+00          0.0000000E+00
      1.384263E-01           3.8662500E-06         -1.1847600E-04          1.6171800E-03          0.0000000E+00          5.2893400E-01          0.0000000E+00          0.0000000E+00
      5.463577E-02          -9.0296400E-07          2.8439500E-05         -6.8893500E-04          0.0000000E+00          3.9909000E-01          1.0000000E+00          0.0000000E+00
      1.904105E-02           0.0000000E+00          0.0000000E+00          0.0000000E+00          0.0000000E+00          0.0000000E+00          0.0000000E+00          1.0000000E+00
! d functions
H    15    5
      3.880017E+03           1.4679100E-04         -5.4504600E-05          0.0000000E+00          0.0000000E+00          0.0000000E+00
      1.087186E+03           1.2327500E-03         -4.5876700E-04          0.0000000E+00          0.0000000E+00          0.0000000E+00
      4.014893E+02           7.2604800E-03         -2.7124900E-03          0.0000000E+00          0.0000000E+00          0.0000000E+00
      1.738783E+02           2.9881400E-02         -1.1241100E-02          0.0000000E+00          0.0000000E+00          0.0000000E+00
      8.216334E+01           9.2843900E-02         -3.5371100E-02          0.0000000E+00          0.0000000E+00          0.0000000E+00
      4.071658E+01           2.1292500E-01         -8.2038000E-02          0.0000000E+00          0.0000000E+00          0.0000000E+00
      2.076081E+01           3.3541200E-01         -1.2552000E-01          0.0000000E+00          0.0000000E+00          0.0000000E+00
      1.077750E+01           3.4251200E-01         -1.1083300E-01          0.0000000E+00          0.0000000E+00          0.0000000E+00
      5.616890E+00           1.7867600E-01          6.2742000E-02          0.0000000E+00          0.0000000E+00          0.0000000E+00
      2.860219E+00           3.5855500E-02          3.1905100E-01          0.0000000E+00          0.0000000E+00          0.0000000E+00
      1.402527E+00           1.7575700E-03          4.2217800E-01          0.0000000E+00          0.0000000E+00          0.0000000E+00
      6.638352E-01           1.3516000E-04          2.9516700E-01          0.0000000E+00          0.0000000E+00          0.0000000E+00
      2.969841E-01          -3.5518100E-05          9.2233800E-02          1.0000000E+00          0.0000000E+00          0.0000000E+00
      1.148072E-01           3.6755100E-06          6.4581100E-03          0.0000000E+00          1.0000000E+00          0.0000000E+00
      4.227452E-02           0.0000000E+00          0.0000000E+00          0.0000000E+00          0.0000000E+00          1.0000000E+00
! f functions
H    2    2
      2.818663E-01           1.0000000E+00          0.0000000E+00
      1.088848E-01           0.0000000E+00          1.0000000E+00
a 51
! ANTIMONY       (29s,22p,15d,2f) -> [8s,7p,5d,2f]
! s functions
H    29    8
      4.900122E+08           3.8391300E-05         -1.3221900E-05          5.8658800E-06         -2.5844100E-06          0.0000000E+00          8.2030800E-07          0.0000000E+00          0.0000000E+00
      7.431974E+07           1.0477100E-04         -3.6081300E-05          1.6007100E-05         -7.0524400E-06          0.0000000E+00          2.2384500E-06          0.0000000E+00          0.0000000E+00
      1.576199E+07           2.7386300E-04         -9.4349200E-05          4.1860300E-05         -1.8443200E-05          0.0000000E+00          5.8540400E-06          0.0000000E+00          0.0000000E+00
      4.308006E+06           5.8243500E-04         -2.0083600E-04          8.9114500E-05         -3.9263400E-05          0.0000000E+00          1.2462200E-05          0.0000000E+00          0.0000000E+00
      1.418862E+06           1.1418200E-03         -3.9433100E-04          1.7502100E-04         -7.7118900E-05          0.0000000E+00          2.4479400E-05          0.0000000E+00          0.0000000E+00
      5.335315E+05           2.1024900E-03         -7.2791400E-04          3.2315800E-04         -1.4239600E-04          0.0000000E+00          4.5194400E-05          0.0000000E+00          0.0000000E+00
      2.196008E+05           3.8133500E-03         -1.3250500E-03          5.8869700E-04         -2.5945200E-04          0.0000000E+00          8.2368300E-05          0.0000000E+00          0.0000000E+00
      9.585735E+04           6.9184000E-03         -2.4176900E-03          1.0746200E-03         -4.7362700E-04          0.0000000E+00          1.5030400E-04          0.0000000E+00          0.0000000E+00
      4.338992E+04           1.2801900E-02         -4.5114100E-03          2.0088400E-03         -8.8576900E-04          0.0000000E+00          2.8129500E-04          0.0000000E+00          0.0000000E+00
      2.007210E+04           2.4255400E-02         -8.6651400E-03          3.8630400E-03         -1.7036000E-03          0.0000000E+00          5.4054300E-04          0.0000000E+00          0.0000000E+00
      9.413376E+03           4.6952500E-02         -1.7146100E-02          7.6766300E-03         -3.3887800E-03          0.0000000E+00          1.0767500E-03          0.0000000E+00          0.0000000E+00
      4.462912E+03           9.0852600E-02         -3.4480700E-02          1.5506500E-02         -6.8506300E-03          0.0000000E+00          2.1736400E-03          0.0000000E+00          0.0000000E+00
      2.141272E+03           1.6695300E-01         -6.7884500E-02          3.0897800E-02         -1.3686300E-02          0.0000000E+00          4.3533600E-03          0.0000000E+00          0.0000000E+00
      1.043467E+03           2.6432800E-01         -1.2218500E-01          5.6622300E-02         -2.5170800E-02          0.0000000E+00          7.9901600E-03          0.0000000E+00          0.0000000E+00
      5.189794E+02           3.0557600E-01         -1.7569300E-01          8.4717000E-02         -3.7985000E-02          0.0000000E+00          1.2129000E-02          0.0000000E+00          0.0000000E+00
      2.647025E+02           2.0014000E-01         -1.4122600E-01          7.1031900E-02         -3.2125500E-02          0.0000000E+00          1.0162700E-02          0.0000000E+00          0.0000000E+00
      1.389190E+02           5.1014500E-02          9.3062900E-02         -5.8721000E-02          2.7648900E-02          0.0000000E+00         -8.6722100E-03          0.0000000E+00          0.0000000E+00
      7.506395E+01           3.4845600E-03          4.2997100E-01         -3.3414900E-01          1.6635400E-01          0.0000000E+00         -5.4552900E-02          0.0000000E+00          0.0000000E+00
      4.161719E+01          -1.0135500E-04          4.5211400E-01         -4.6601000E-01          2.4487700E-01          0.0000000E+00         -7.9165700E-02          0.0000000E+00          0.0000000E+00
      2.346669E+01           2.3675700E-04          1.7827700E-01         -1.4760100E-01          8.6364600E-02          0.0000000E+00         -3.1783100E-02          0.0000000E+00          0.0000000E+00
      1.325010E+01          -2.5674000E-04          2.2180900E-02          5.3512700E-01         -4.0157500E-01          0.0000000E+00          1.4665500E-01          0.0000000E+00          0.0000000E+00
      7.317033E+00           1.1602100E-04          1.0935700E-03          6.7131300E-01         -7.9005000E-01          0.0000000E+00          2.9677400E-01          0.0000000E+00          0.0000000E+00
      3.823780E+00          -6.4664900E-05         -4.6113200E-05          1.6277800E-01          1.3630600E-02          0.0000000E+00         -1.9626100E-02          0.0000000E+00          0.0000000E+00
      1.953459E+00           3.5736700E-05         -1.6159200E-04          4.7294800E-03          8.5454800E-01          0.0000000E+00         -4.5569300E-01          0.0000000E+00          0.0000000E+00
      9.628099E-01          -1.2148700E-05         -1.2919700E-05          1.9440700E-03          4.8101300E-01          0.0000000E+00         -4.1503400E-01          0.0000000E+00          0.0000000E+00
      3.247322E-01           4.8034000E-06         -4.4989500E-06         -2.6467400E-04          2.5883200E-02          1.0000000E+00          3.7988800E-01          0.0000000E+00          0.0000000E+00
      1.578680E-01          -2.8530700E-06          3.9733900E-06          1.2939700E-04         -5.5663700E-03          0.0000000E+00          6.5640800E-01          0.0000000E+00          0.0000000E+00
      7.078872E-02           7.4464000E-07         -6.2774100E-07         -4.1956100E-05          1.2527300E-03          0.0000000E+00          2.4747400E-01          1.0000000E+00          0.0000000E+00
      3.302737E-02           0.0000000E+00          0.0000000E+00          0.0000000E+00          0.0000000E+00          0.0000000E+00          0.0000000E+00          0.0000000E+00          1.0000000E+00
! p functions
H    22    7
      3.213933E+06           1.5399800E-05         -7.1448200E-06          3.0265700E-06          0.0000000E+00         -7.8438100E-07          0.0000000E+00          0.0000000E+00
      5.064137E+05           5.4135800E-05         -2.5138500E-05          1.0650100E-05          0.0000000E+00         -2.7597400E-06          0.0000000E+00          0.0000000E+00
      1.089099E+05           1.9053500E-04         -8.8611200E-05          3.7555400E-05          0.0000000E+00         -9.7360200E-06          0.0000000E+00          0.0000000E+00
      2.982465E+04           6.2777500E-04         -2.9254900E-04          1.2401100E-04          0.0000000E+00         -3.2125000E-05          0.0000000E+00          0.0000000E+00
      9.824095E+03           2.0479500E-03         -9.5814200E-04          4.0660700E-04          0.0000000E+00         -1.0548800E-04          0.0000000E+00          0.0000000E+00
      3.717987E+03           6.5647800E-03         -3.0876000E-03          1.3109500E-03          0.0000000E+00         -3.3948900E-04          0.0000000E+00          0.0000000E+00
      1.559384E+03           2.0159000E-02         -9.5918400E-03          4.0843700E-03          0.0000000E+00         -1.0607400E-03          0.0000000E+00          0.0000000E+00
      7.050477E+02           5.6863900E-02         -2.7583400E-02          1.1780900E-02          0.0000000E+00         -3.0522600E-03          0.0000000E+00          0.0000000E+00
      3.366439E+02           1.3810500E-01         -6.9470700E-02          2.9911400E-02          0.0000000E+00         -7.7854300E-03          0.0000000E+00          0.0000000E+00
      1.672506E+02           2.6466600E-01         -1.3973200E-01          6.0704100E-02          0.0000000E+00         -1.5754600E-02          0.0000000E+00          0.0000000E+00
      8.556110E+01           3.5259700E-01         -1.9590400E-01          8.6326400E-02          0.0000000E+00         -2.2608600E-02          0.0000000E+00          0.0000000E+00
      4.473914E+01           2.6011500E-01         -9.3439600E-02          3.4001600E-02          0.0000000E+00         -8.3170400E-03          0.0000000E+00          0.0000000E+00
      2.377574E+01           8.1426300E-02          2.2022800E-01         -1.3303300E-01          0.0000000E+00          3.5747000E-02          0.0000000E+00          0.0000000E+00
      1.277339E+01           8.0538300E-03          4.9598100E-01         -3.2565700E-01          0.0000000E+00          9.1805500E-02          0.0000000E+00          0.0000000E+00
      6.893943E+00           2.9158200E-04          3.4894500E-01         -2.1961000E-01          0.0000000E+00          5.6649900E-02          0.0000000E+00          0.0000000E+00
      3.705729E+00          -1.9851300E-05          7.4293500E-02          2.9904300E-01          0.0000000E+00         -1.0287500E-01          0.0000000E+00          0.0000000E+00
      1.876906E+00          -1.0690400E-04          6.3736100E-03          5.8620200E-01          0.0000000E+00         -2.1751800E-01          0.0000000E+00          0.0000000E+00
      9.238629E-01           1.5025500E-06         -1.4093300E-04          3.1658400E-01          0.0000000E+00         -1.2107500E-01          0.0000000E+00          0.0000000E+00
      3.816548E-01          -1.0532300E-05          2.8356000E-04          3.4329600E-02          1.0000000E+00          2.2960800E-01          0.0000000E+00          0.0000000E+00
      1.741177E-01           4.5143200E-06         -1.3699400E-04         -1.8180600E-03          0.0000000E+00          5.4815900E-01          0.0000000E+00          0.0000000E+00
      6.981769E-02          -1.0046400E-06          3.3847900E-05          5.9515600E-04          0.0000000E+00          3.8728300E-01          1.0000000E+00          0.0000000E+00
      2.411413E-02           0.0000000E+00          0.0000000E+00          0.0000000E+00          0.0000000E+00          0.0000000E+00          0.0000000E+00          1.0000000E+00
! d functions
H    15    5
      4.350365E+03           1.3231000E-04          5.1011600E-05          0.0000000E+00          0.0000000E+00          0.0000000E+00
      1.216861E+03           1.1014400E-03          4.2582300E-04          0.0000000E+00          0.0000000E+00          0.0000000E+00
      4.469590E+02           6.5413100E-03          2.5373000E-03          0.0000000E+00          0.0000000E+00          0.0000000E+00
      1.928941E+02           2.7317500E-02          1.0674200E-02          0.0000000E+00          0.0000000E+00          0.0000000E+00
      9.114478E+01           8.5878200E-02          3.3953700E-02          0.0000000E+00          0.0000000E+00          0.0000000E+00
      4.528675E+01           2.0112700E-01          8.0602000E-02          0.0000000E+00          0.0000000E+00          0.0000000E+00
      2.318117E+01           3.2642000E-01          1.2748600E-01          0.0000000E+00          0.0000000E+00          0.0000000E+00
      1.209097E+01           3.4763300E-01          1.2047600E-01          0.0000000E+00          0.0000000E+00          0.0000000E+00
      6.350795E+00           1.9447800E-01         -4.3698400E-02          0.0000000E+00          0.0000000E+00          0.0000000E+00
      3.272075E+00           4.3693200E-02         -3.0783400E-01          0.0000000E+00          0.0000000E+00          0.0000000E+00
      1.626540E+00           2.4998200E-03         -4.2938900E-01          0.0000000E+00          0.0000000E+00          0.0000000E+00
      7.828576E-01           1.4741700E-04         -3.0262600E-01          0.0000000E+00          0.0000000E+00          0.0000000E+00
      3.561485E-01          -4.6039900E-05         -9.2729300E-02          1.0000000E+00          0.0000000E+00          0.0000000E+00
      1.412977E-01           2.7890200E-06         -6.9344100E-03          0.0000000E+00          1.0000000E+00          0.0000000E+00
      5.270606E-02           0.0000000E+00          0.0000000E+00          0.0000000E+00          0.0000000E+00          1.0000000E+00
! f functions
H    2    2
      3.244310E-01           1.0000000E+00          0.0000000E+00
      1.221677E-01           0.0000000E+00          1.0000000E+00
a 52
! TELLURIUM       (29s,22p,15d,2f) -> [8s,7p,5d,2f]
! s functions
H    29    8
      5.537122E+08           3.7558500E-05         -1.2986300E-05          5.7863700E-06         -2.5803400E-06          0.0000000E+00          8.5896500E-07          0.0000000E+00          0.0000000E+00
      8.517426E+07           1.0157200E-04         -3.5116500E-05          1.5646600E-05         -6.9773000E-06          0.0000000E+00          2.3226100E-06          0.0000000E+00          0.0000000E+00
      1.792506E+07           2.6985300E-04         -9.3328200E-05          4.1586600E-05         -1.8545100E-05          0.0000000E+00          6.1735200E-06          0.0000000E+00          0.0000000E+00
      4.812394E+06           5.8352300E-04         -2.0198400E-04          9.0011000E-05         -4.0140000E-05          0.0000000E+00          1.3361700E-05          0.0000000E+00          0.0000000E+00
      1.554321E+06           1.1579400E-03         -4.0143300E-04          1.7894600E-04         -7.9805700E-05          0.0000000E+00          2.6568200E-05          0.0000000E+00          0.0000000E+00
      5.754794E+05           2.1409300E-03         -7.4407200E-04          3.3175300E-04         -1.4795900E-04          0.0000000E+00          4.9248900E-05          0.0000000E+00          0.0000000E+00
      2.349347E+05           3.8611700E-03         -1.3468800E-03          6.0101900E-04         -2.6810100E-04          0.0000000E+00          8.9271300E-05          0.0000000E+00          0.0000000E+00
      1.025865E+05           6.9032800E-03         -2.4217000E-03          1.0809800E-03         -4.8221600E-04          0.0000000E+00          1.6047600E-04          0.0000000E+00          0.0000000E+00
      4.682985E+04           1.2503000E-02         -4.4226300E-03          1.9781100E-03         -8.8283300E-04          0.0000000E+00          2.9409400E-04          0.0000000E+00          0.0000000E+00
      2.198700E+04           2.3080100E-02         -8.2718300E-03          3.7026400E-03         -1.6526500E-03          0.0000000E+00          5.4980400E-04          0.0000000E+00          0.0000000E+00
      1.050476E+04           4.3522700E-02         -1.5925400E-02          7.1612800E-03         -3.1996900E-03          0.0000000E+00          1.0666300E-03          0.0000000E+00          0.0000000E+00
      5.076730E+03           8.2492000E-02         -3.1271700E-02          1.4110100E-02         -6.3084600E-03          0.0000000E+00          2.0983600E-03          0.0000000E+00          0.0000000E+00
      2.476196E+03           1.5104300E-01         -6.0929200E-02          2.7815600E-02         -1.2467500E-02          0.0000000E+00          4.1608600E-03          0.0000000E+00          0.0000000E+00
      1.219627E+03           2.4572700E-01         -1.1111600E-01          5.1495700E-02         -2.3152600E-02          0.0000000E+00          7.7038300E-03          0.0000000E+00          0.0000000E+00
      6.080662E+02           3.0636400E-01         -1.6912700E-01          8.1341500E-02         -3.6863800E-02          0.0000000E+00          1.2347500E-02          0.0000000E+00          0.0000000E+00
      3.078851E+02           2.2830600E-01         -1.5959900E-01          8.0014100E-02         -3.6583400E-02          0.0000000E+00          1.2146300E-02          0.0000000E+00          0.0000000E+00
      1.588377E+02           6.9384900E-02          4.8552400E-02         -3.1724900E-02          1.5156100E-02          0.0000000E+00         -4.8928300E-03          0.0000000E+00          0.0000000E+00
      8.368128E+01           4.7882600E-03          4.1876900E-01         -3.1818200E-01          1.5945300E-01          0.0000000E+00         -5.4824400E-02          0.0000000E+00          0.0000000E+00
      4.503552E+01           2.8199400E-04          4.8672300E-01         -4.9722000E-01          2.6465700E-01          0.0000000E+00         -8.9961200E-02          0.0000000E+00          0.0000000E+00
      2.469589E+01          -2.8160400E-05          1.8810500E-01         -1.5601300E-01          9.1508000E-02          0.0000000E+00         -3.5327300E-02          0.0000000E+00          0.0000000E+00
      1.371087E+01          -9.0385200E-05          2.1586700E-02          5.5967600E-01         -4.3033900E-01          0.0000000E+00          1.6636900E-01          0.0000000E+00          0.0000000E+00
      7.621328E+00           3.0038500E-05          5.7957500E-04          6.4436700E-01         -7.9164200E-01          0.0000000E+00          3.1281300E-01          0.0000000E+00          0.0000000E+00
      4.170545E+00          -2.2655100E-05          2.0080400E-04          1.6065900E-01          3.1863900E-02          0.0000000E+00         -2.5415300E-02          0.0000000E+00          0.0000000E+00
      2.077645E+00           1.5948600E-05         -3.0112800E-04          1.1313300E-02          8.6138900E-01          0.0000000E+00         -4.9755300E-01          0.0000000E+00          0.0000000E+00
      1.042945E+00          -4.9840700E-06          4.7579200E-05          2.3985100E-05          4.7458900E-01          0.0000000E+00         -4.3596000E-01          0.0000000E+00          0.0000000E+00
      3.663105E-01           2.0925600E-06         -2.7194700E-05          3.6156000E-04          2.6187500E-02          1.0000000E+00          4.3498400E-01          0.0000000E+00          0.0000000E+00
      1.785887E-01          -1.2860300E-06          1.8049700E-05         -2.4539200E-04         -5.1487000E-03          0.0000000E+00          6.4409000E-01          0.0000000E+00          0.0000000E+00
      8.249023E-02           3.2797500E-07         -4.2548600E-06          5.4482600E-05          1.2604000E-03          0.0000000E+00          2.3329100E-01          1.0000000E+00          0.0000000E+00
      3.810130E-02           0.0000000E+00          0.0000000E+00          0.0000000E+00          0.0000000E+00          0.0000000E+00          0.0000000E+00          0.0000000E+00          1.0000000E+00
! p functions
H    22    7
      3.678985E+06           1.5136400E-05         -7.0619500E-06         -3.0393200E-06          0.0000000E+00         -8.4479200E-07          0.0000000E+00          0.0000000E+00
      5.669462E+05           5.3808800E-05         -2.5126000E-05         -1.0815000E-05          0.0000000E+00         -3.0057100E-06          0.0000000E+00          0.0000000E+00
      1.207788E+05           1.8733500E-04         -8.7614600E-05         -3.7727400E-05          0.0000000E+00         -1.0489700E-05          0.0000000E+00          0.0000000E+00
      3.296965E+04           6.0821400E-04         -2.8500400E-04         -1.2274500E-04          0.0000000E+00         -3.4103500E-05          0.0000000E+00          0.0000000E+00
      1.084768E+04           1.9535200E-03         -9.1914200E-04         -3.9630700E-04          0.0000000E+00         -1.1027000E-04          0.0000000E+00          0.0000000E+00
      4.099356E+03           6.1921000E-03         -2.9277400E-03         -1.2629400E-03          0.0000000E+00         -3.5078700E-04          0.0000000E+00          0.0000000E+00
      1.714719E+03           1.8953500E-02         -9.0654100E-03         -3.9218900E-03          0.0000000E+00         -1.0923800E-03          0.0000000E+00          0.0000000E+00
      7.724043E+02           5.3713100E-02         -2.6163100E-02         -1.1351300E-02          0.0000000E+00         -3.1545100E-03          0.0000000E+00          0.0000000E+00
      3.673924E+02           1.3196200E-01         -6.6623800E-02         -2.9139200E-02          0.0000000E+00         -8.1345200E-03          0.0000000E+00          0.0000000E+00
      1.820300E+02           2.5684900E-01         -1.3592400E-01         -5.9973800E-02          0.0000000E+00         -1.6698000E-02          0.0000000E+00          0.0000000E+00
      9.308078E+01           3.5023900E-01         -1.9568400E-01         -8.7651700E-02          0.0000000E+00         -2.4624500E-02          0.0000000E+00          0.0000000E+00
      4.879691E+01           2.6955100E-01         -1.0683700E-01         -4.1479800E-02          0.0000000E+00         -1.1041700E-02          0.0000000E+00          0.0000000E+00
      2.607560E+01           9.1112500E-02          1.9297500E-01          1.2013400E-01          0.0000000E+00          3.4715600E-02          0.0000000E+00          0.0000000E+00
      1.410957E+01           1.0182600E-02          4.8402000E-01          3.2104300E-01          0.0000000E+00          9.7334800E-02          0.0000000E+00          0.0000000E+00
      7.660241E+00           3.6020700E-04          3.7384800E-01          2.5004800E-01          0.0000000E+00          7.0790300E-02          0.0000000E+00          0.0000000E+00
      4.116851E+00          -9.1031400E-06          8.9090500E-02         -2.6841200E-01          0.0000000E+00         -1.0143900E-01          0.0000000E+00          0.0000000E+00
      2.095689E+00          -1.1802900E-04          7.2761300E-03         -5.9469200E-01          0.0000000E+00         -2.4059600E-01          0.0000000E+00          0.0000000E+00
      1.043346E+00           2.3922100E-06         -7.4012600E-06         -3.3444500E-01          0.0000000E+00         -1.3983800E-01          0.0000000E+00          0.0000000E+00
      4.470946E-01          -1.1201700E-05          2.3616200E-04         -3.8613700E-02          1.0000000E+00          2.5089600E-01          0.0000000E+00          0.0000000E+00
      2.005060E-01           4.8459000E-06         -1.1990700E-04          8.7471700E-04          0.0000000E+00          5.5472100E-01          0.0000000E+00          0.0000000E+00
      7.870060E-02          -8.0032600E-07          2.1395500E-05         -8.0734100E-04          0.0000000E+00          3.7597900E-01          1.0000000E+00          0.0000000E+00
      2.756654E-02           0.0000000E+00          0.0000000E+00          0.0000000E+00          0.0000000E+00          0.0000000E+00          0.0000000E+00          1.0000000E+00
! d functions
H    15    5
      4.703174E+03           1.2607800E-04          5.0263000E-05          0.0000000E+00          0.0000000E+00          0.0000000E+00
      1.330578E+03           1.0220700E-03          4.0870500E-04          0.0000000E+00          0.0000000E+00          0.0000000E+00
      4.876845E+02           6.1131100E-03          2.4518500E-03          0.0000000E+00          0.0000000E+00          0.0000000E+00
      2.096221E+02           2.5860900E-02          1.0451900E-02          0.0000000E+00          0.0000000E+00          0.0000000E+00
      9.890991E+01           8.2010900E-02          3.3524200E-02          0.0000000E+00          0.0000000E+00          0.0000000E+00
      4.920705E+01           1.9441900E-01          8.0660900E-02          0.0000000E+00          0.0000000E+00          0.0000000E+00
      2.523914E+01           3.2179500E-01          1.3038200E-01          0.0000000E+00          0.0000000E+00          0.0000000E+00
      1.318473E+01           3.5097700E-01          1.2741700E-01          0.0000000E+00          0.0000000E+00          0.0000000E+00
      6.946102E+00           2.0242500E-01         -3.6159900E-02          0.0000000E+00          0.0000000E+00          0.0000000E+00
      3.599002E+00           4.7633000E-02         -3.0778700E-01          0.0000000E+00          0.0000000E+00          0.0000000E+00
      1.805779E+00           2.8666500E-03         -4.3532900E-01          0.0000000E+00          0.0000000E+00          0.0000000E+00
      8.809256E-01           1.5201900E-04         -2.9983800E-01          0.0000000E+00          0.0000000E+00          0.0000000E+00
      4.064276E-01          -5.7338900E-05         -8.7013700E-02          1.0000000E+00          0.0000000E+00          0.0000000E+00
      1.644229E-01           2.0610100E-06         -6.5354800E-03          0.0000000E+00          1.0000000E+00          0.0000000E+00
      6.427092E-02           0.0000000E+00          0.0000000E+00          0.0000000E+00          0.0000000E+00          1.0000000E+00
! f functions
H    2    2
      3.487896E-01           1.0000000E+00          0.0000000E+00
      1.411324E-01           0.0000000E+00          1.0000000E+00
a 53
! IODINE       (29s,22p,15d,2f) -> [8s,7p,5d,2f]
! s functions
H    29    8
      5.994467E+08           3.8312000E-05         -1.3299400E-05          5.9505800E-06         -2.6841800E-06          0.0000000E+00          9.2794000E-07          0.0000000E+00          0.0000000E+00
      9.055635E+07           1.0453300E-04         -3.6282100E-05          1.6233300E-05         -7.3224500E-06          0.0000000E+00          2.5313600E-06          0.0000000E+00          0.0000000E+00
      1.919947E+07           2.7160600E-04         -9.4301800E-05          4.2195300E-05         -1.9033600E-05          0.0000000E+00          6.5801300E-06          0.0000000E+00          0.0000000E+00
      5.255505E+06           5.7364500E-04         -1.9933400E-04          8.9199800E-05         -4.0237100E-05          0.0000000E+00          1.3909700E-05          0.0000000E+00          0.0000000E+00
      1.734341E+06           1.1166800E-03         -3.8860500E-04          1.7394500E-04         -7.8470200E-05          0.0000000E+00          2.7129700E-05          0.0000000E+00          0.0000000E+00
      6.531015E+05           2.0419100E-03         -7.1227500E-04          3.1889700E-04         -1.4386500E-04          0.0000000E+00          4.9730000E-05          0.0000000E+00          0.0000000E+00
      2.688926E+05           3.6790300E-03         -1.2878800E-03          5.7703000E-04         -2.6036600E-04          0.0000000E+00          9.0033700E-05          0.0000000E+00          0.0000000E+00
      1.172339E+05           6.6293000E-03         -2.3332800E-03          1.0458700E-03         -4.7193300E-04          0.0000000E+00          1.6310600E-04          0.0000000E+00          0.0000000E+00
      5.292129E+04           1.2178200E-02         -4.3212300E-03          1.9403300E-03         -8.7592200E-04          0.0000000E+00          3.0300800E-04          0.0000000E+00          0.0000000E+00
      2.438048E+04           2.2894600E-02         -8.2296900E-03          3.6995300E-03         -1.6703700E-03          0.0000000E+00          5.7716700E-04          0.0000000E+00          0.0000000E+00
      1.137444E+04           4.4005800E-02         -1.6152500E-02          7.2909900E-03         -3.2950300E-03          0.0000000E+00          1.1405300E-03          0.0000000E+00          0.0000000E+00
      5.361031E+03           8.4857100E-02         -3.2288400E-02          1.4635300E-02         -6.6195100E-03          0.0000000E+00          2.2871000E-03          0.0000000E+00          0.0000000E+00
      2.556631E+03           1.5679400E-01         -6.3609600E-02          2.9160900E-02         -1.3222000E-02          0.0000000E+00          4.5820000E-03          0.0000000E+00          0.0000000E+00
      1.238741E+03           2.5353500E-01         -1.1575500E-01          5.3954700E-02         -2.4548700E-02          0.0000000E+00          8.4847500E-03          0.0000000E+00          0.0000000E+00
      6.130568E+02           3.0690700E-01         -1.7189200E-01          8.3170100E-02         -3.8148800E-02          0.0000000E+00          1.3274900E-02          0.0000000E+00          0.0000000E+00
      3.115099E+02           2.1848600E-01         -1.5288800E-01          7.7141500E-02         -3.5706800E-02          0.0000000E+00          1.2296900E-02          0.0000000E+00          0.0000000E+00
      1.631053E+02           6.4357200E-02          5.5994100E-02         -3.6587000E-02          1.7708100E-02          0.0000000E+00         -5.9246900E-03          0.0000000E+00          0.0000000E+00
      8.806397E+01           5.0813500E-03          3.9668800E-01         -3.0266000E-01          1.5362100E-01          0.0000000E+00         -5.5068100E-02          0.0000000E+00          0.0000000E+00
      4.885512E+01           6.9916700E-05          4.7094500E-01         -4.7405700E-01          2.5464900E-01          0.0000000E+00         -8.9583000E-02          0.0000000E+00          0.0000000E+00
      2.759266E+01           1.5892100E-04          2.1161900E-01         -2.1434100E-01          1.2640500E-01          0.0000000E+00         -4.9790600E-02          0.0000000E+00          0.0000000E+00
      1.560933E+01          -2.0669300E-04          3.1055800E-02          4.7184800E-01         -3.5428600E-01          0.0000000E+00          1.4250800E-01          0.0000000E+00          0.0000000E+00
      8.629135E+00           8.5386700E-05          1.2598800E-03          7.1650000E-01         -8.3533700E-01          0.0000000E+00          3.4259600E-01          0.0000000E+00          0.0000000E+00
      4.503823E+00          -5.2976900E-05          6.2218400E-05          2.0072700E-01         -8.6494900E-02          0.0000000E+00          2.9200800E-02          0.0000000E+00          0.0000000E+00
      2.346097E+00           3.2416800E-05         -2.3067700E-04          5.0667500E-03          8.6172700E-01          0.0000000E+00         -5.1310500E-01          0.0000000E+00          0.0000000E+00
      1.179513E+00          -1.0997100E-05          3.2992600E-06          2.9069500E-03          5.3171700E-01          0.0000000E+00         -4.9788700E-01          0.0000000E+00          0.0000000E+00
      4.159963E-01           4.3799900E-06         -9.2976900E-06         -6.1863100E-04          3.2684700E-02          1.0000000E+00          4.4715300E-01          0.0000000E+00          0.0000000E+00
      2.048764E-01          -2.6477400E-06          8.7434000E-06          2.9319000E-04         -6.6331300E-03          0.0000000E+00          6.5099700E-01          0.0000000E+00          0.0000000E+00
      9.550402E-02           6.8294900E-07         -1.4590500E-06         -9.4488500E-05          1.6510300E-03          0.0000000E+00          2.3324000E-01          1.0000000E+00          0.0000000E+00
      4.409309E-02           0.0000000E+00          0.0000000E+00          0.0000000E+00          0.0000000E+00          0.0000000E+00          0.0000000E+00          0.0000000E+00          1.0000000E+00
! p functions
H    22    7
      4.232731E+06           1.4600700E-05         -6.8487500E-06          2.9917700E-06          0.0000000E+00         -8.8267300E-07          0.0000000E+00          0.0000000E+00
      6.683170E+05           5.0137400E-05         -2.3536300E-05          1.0282700E-05          0.0000000E+00         -3.0332800E-06          0.0000000E+00          0.0000000E+00
      1.434042E+05           1.7184200E-04         -8.0799900E-05          3.5314500E-05          0.0000000E+00         -1.0422300E-05          0.0000000E+00          0.0000000E+00
      3.900861E+04           5.4962600E-04         -2.5887300E-04          1.1316300E-04          0.0000000E+00         -3.3371000E-05          0.0000000E+00          0.0000000E+00
      1.271633E+04           1.7483400E-03         -8.2694100E-04          3.6188100E-04          0.0000000E+00         -1.0688700E-04          0.0000000E+00          0.0000000E+00
      4.751625E+03           5.5155200E-03         -2.6198900E-03          1.1470500E-03          0.0000000E+00         -3.3813200E-04          0.0000000E+00          0.0000000E+00
      1.966439E+03           1.6922400E-02         -8.1301100E-03          3.5692500E-03          0.0000000E+00         -1.0554200E-03          0.0000000E+00          0.0000000E+00
      8.783574E+02           4.8330800E-02         -2.3603600E-02          1.0391100E-02          0.0000000E+00         -3.0644600E-03          0.0000000E+00          0.0000000E+00
      4.155601E+02           1.2062900E-01         -6.0999100E-02          2.7060700E-02          0.0000000E+00         -8.0203600E-03          0.0000000E+00          0.0000000E+00
      2.054585E+02           2.4071200E-01         -1.2725100E-01          5.6937600E-02          0.0000000E+00         -1.6821400E-02          0.0000000E+00          0.0000000E+00
      1.051346E+02           3.4360500E-01         -1.9264400E-01          8.7555500E-02          0.0000000E+00         -2.6125400E-02          0.0000000E+00          0.0000000E+00
      5.526625E+01           2.8749600E-01         -1.3006600E-01          5.4434300E-02          0.0000000E+00         -1.5619500E-02          0.0000000E+00          0.0000000E+00
      2.964139E+01           1.1090900E-01          1.4535600E-01         -9.5296800E-02          0.0000000E+00          2.9231300E-02          0.0000000E+00          0.0000000E+00
      1.609432E+01           1.4893100E-02          4.6202600E-01         -3.0624000E-01          0.0000000E+00          9.8720000E-02          0.0000000E+00          0.0000000E+00
      8.755589E+00           5.5488500E-04          4.1345000E-01         -2.9542100E-01          0.0000000E+00          9.0983700E-02          0.0000000E+00          0.0000000E+00
      4.703722E+00           1.2592800E-05          1.1571000E-01          2.0993400E-01          0.0000000E+00         -8.7189000E-02          0.0000000E+00          0.0000000E+00
      2.398238E+00          -1.3198000E-04          9.7477400E-03          6.0115700E-01          0.0000000E+00         -2.6051500E-01          0.0000000E+00          0.0000000E+00
      1.202481E+00           9.7669300E-07          1.1527500E-04          3.7128900E-01          0.0000000E+00         -1.6886700E-01          0.0000000E+00          0.0000000E+00
      5.258532E-01          -1.2076200E-05          2.2173900E-04          4.7916100E-02          1.0000000E+00          2.4443400E-01          0.0000000E+00          0.0000000E+00
      2.395947E-01           5.5208700E-06         -1.2512000E-04         -5.4151300E-04          0.0000000E+00          5.5699600E-01          0.0000000E+00          0.0000000E+00
      9.337968E-02          -5.3429600E-07          1.1431400E-05          1.2412100E-03          0.0000000E+00          3.8939500E-01          1.0000000E+00          0.0000000E+00
      3.269169E-02           0.0000000E+00          0.0000000E+00          0.0000000E+00          0.0000000E+00          0.0000000E+00          0.0000000E+00          1.0000000E+00
! d functions
H    15    5
      5.155846E+03           1.1994300E-04         -4.9259100E-05          0.0000000E+00          0.0000000E+00          0.0000000E+00
      1.436061E+03           9.8053100E-04         -4.0404300E-04          0.0000000E+00          0.0000000E+00          0.0000000E+00
      5.251996E+02           5.8127700E-03         -2.4017500E-03          0.0000000E+00          0.0000000E+00          0.0000000E+00
      2.262777E+02           2.4536300E-02         -1.0219000E-02          0.0000000E+00          0.0000000E+00          0.0000000E+00
      1.070533E+02           7.8192700E-02         -3.2922700E-02          0.0000000E+00          0.0000000E+00          0.0000000E+00
      5.336688E+01           1.8788200E-01         -8.0382400E-02          0.0000000E+00          0.0000000E+00          0.0000000E+00
      2.743701E+01           3.1617700E-01         -1.3237200E-01          0.0000000E+00          0.0000000E+00          0.0000000E+00
      1.439100E+01           3.5223500E-01         -1.3353900E-01          0.0000000E+00          0.0000000E+00          0.0000000E+00
      7.628801E+00           2.1129700E-01          2.5399000E-02          0.0000000E+00          0.0000000E+00          0.0000000E+00
      3.984593E+00           5.3044000E-02          3.0190300E-01          0.0000000E+00          0.0000000E+00          0.0000000E+00
      2.020789E+00           3.4957400E-03          4.3982500E-01          0.0000000E+00          0.0000000E+00          0.0000000E+00
      9.988940E-01           1.5737000E-04          3.0230300E-01          0.0000000E+00          0.0000000E+00          0.0000000E+00
      4.673054E-01          -6.7452700E-05          8.6304500E-02          1.0000000E+00          0.0000000E+00          0.0000000E+00
      1.922218E-01           3.5704200E-07          6.8327300E-03          0.0000000E+00          1.0000000E+00          0.0000000E+00
      7.821770E-02           0.0000000E+00          0.0000000E+00          0.0000000E+00          0.0000000E+00          1.0000000E+00
! f functions
H    2    2
      4.062113E-01           1.0000000E+00          0.0000000E+00
      1.848131E-01           0.0000000E+00          1.0000000E+00
a 54
! XENON       (29s,22p,15d,2f) -> [8s,7p,5d,2f]
! s functions
H    29    8
      6.957302E+08           3.6992100E-05         -1.2892500E-05          5.7916900E-06          2.6410400E-06          0.0000000E+00          9.4183800E-07          0.0000000E+00          0.0000000E+00
      1.043179E+08           1.0167400E-04         -3.5428800E-05          1.5915000E-05          7.2572900E-06          0.0000000E+00          2.5880100E-06          0.0000000E+00          0.0000000E+00
      2.194899E+07           2.6499600E-04         -9.2365300E-05          4.1494300E-05          1.8921700E-05          0.0000000E+00          6.7478700E-06          0.0000000E+00          0.0000000E+00
      5.968193E+06           5.6109900E-04         -1.9572400E-04          8.7934200E-05          4.0099300E-05          0.0000000E+00          1.4299600E-05          0.0000000E+00          0.0000000E+00
      1.959674E+06           1.0916500E-03         -3.8133600E-04          1.7137300E-04          7.8153700E-05          0.0000000E+00          2.7872700E-05          0.0000000E+00          0.0000000E+00
      7.357180E+05           1.9904800E-03         -6.9691200E-04          3.1325700E-04          1.4286400E-04          0.0000000E+00          5.0943200E-05          0.0000000E+00          0.0000000E+00
      3.025951E+05           3.5667200E-03         -1.2531100E-03          5.6369000E-04          2.5712200E-04          0.0000000E+00          9.1715200E-05          0.0000000E+00          0.0000000E+00
      1.320269E+05           6.3782200E-03         -2.2526100E-03          1.0136600E-03          4.6239600E-04          0.0000000E+00          1.6486000E-04          0.0000000E+00          0.0000000E+00
      5.972556E+04           1.1608300E-02         -4.1321800E-03          1.8627700E-03          8.5007300E-04          0.0000000E+00          3.0332700E-04          0.0000000E+00          0.0000000E+00
      2.759624E+04           2.1597300E-02         -7.7830500E-03          3.5119800E-03          1.6029900E-03          0.0000000E+00          5.7141400E-04          0.0000000E+00          0.0000000E+00
      1.291526E+04           4.1102100E-02         -1.5109700E-02          6.8458600E-03          3.1274000E-03          0.0000000E+00          1.1165500E-03          0.0000000E+00          0.0000000E+00
      6.103747E+03           7.8740100E-02         -2.9933600E-02          1.3612400E-02          6.2236600E-03          0.0000000E+00          2.2184800E-03          0.0000000E+00          0.0000000E+00
      2.915687E+03           1.4588400E-01         -5.8857500E-02          2.7056200E-02          1.2398000E-02          0.0000000E+00          4.4310700E-03          0.0000000E+00          0.0000000E+00
      1.412893E+03           2.4064400E-01         -1.0821400E-01          5.0495000E-02          2.3215400E-02          0.0000000E+00          8.2792000E-03          0.0000000E+00          0.0000000E+00
      6.980157E+02           3.0573500E-01         -1.6640100E-01          8.0416300E-02          3.7246600E-02          0.0000000E+00          1.3359900E-02          0.0000000E+00          0.0000000E+00
      3.533396E+02           2.3749000E-01         -1.6350200E-01          8.2338700E-02          3.8501500E-02          0.0000000E+00          1.3711400E-02          0.0000000E+00          0.0000000E+00
      1.839593E+02           8.0462600E-02          1.9180300E-02         -1.4677600E-02         -7.3321500E-03          0.0000000E+00         -2.4354300E-03          0.0000000E+00          0.0000000E+00
      9.861927E+01           7.3268100E-03          3.6478800E-01         -2.7202500E-01         -1.3872100E-01          0.0000000E+00         -5.1175400E-02          0.0000000E+00          0.0000000E+00
      5.429070E+01           3.2898200E-04          4.8936700E-01         -4.8014000E-01         -2.6001000E-01          0.0000000E+00         -9.4751600E-02          0.0000000E+00          0.0000000E+00
      3.044807E+01           1.1258800E-05          2.4122100E-01         -2.6447100E-01         -1.5530600E-01          0.0000000E+00         -6.1471100E-02          0.0000000E+00          0.0000000E+00
      1.714644E+01          -1.0334500E-04          3.9027200E-02          4.2144700E-01          3.1207300E-01          0.0000000E+00          1.2871800E-01          0.0000000E+00          0.0000000E+00
      9.481303E+00           2.3475500E-05          1.4279700E-03          7.4001800E-01          8.5329900E-01          0.0000000E+00          3.6300800E-01          0.0000000E+00          0.0000000E+00
      4.988405E+00          -2.2544800E-05          1.8904000E-04          2.3232600E-01          1.6506000E-01          0.0000000E+00          6.6846900E-02          0.0000000E+00          0.0000000E+00
      2.592627E+00           1.7783900E-05         -3.0240900E-04          8.1163100E-03         -8.5739500E-01          0.0000000E+00         -5.2435900E-01          0.0000000E+00          0.0000000E+00
      1.312308E+00          -5.3458400E-06          2.5503000E-05          3.0775900E-03         -5.6992600E-01          0.0000000E+00         -5.5162000E-01          0.0000000E+00          0.0000000E+00
      4.871092E-01           2.3066400E-06         -1.8667700E-05         -7.1379300E-04         -3.8993000E-02          1.0000000E+00          4.0892100E-01          0.0000000E+00          0.0000000E+00
      2.443015E-01          -1.4467000E-06          1.5091600E-05          3.1147900E-04          6.6339200E-03          0.0000000E+00          6.7931400E-01          0.0000000E+00          0.0000000E+00
      1.128531E-01           3.2835300E-07         -2.5783900E-06         -1.0163500E-04         -1.6473700E-03          0.0000000E+00          2.6332800E-01          1.0000000E+00          0.0000000E+00
      5.008488E-02           0.0000000E+00          0.0000000E+00          0.0000000E+00          0.0000000E+00          0.0000000E+00          0.0000000E+00          0.0000000E+00          1.0000000E+00
! p functions
H    22    7
      5.178673E+06           1.3610500E-05         -6.4173700E-06          2.8446700E-06          0.0000000E+00         -8.7472500E-07          0.0000000E+00          0.0000000E+00
      7.975902E+05           4.7344900E-05         -2.2339600E-05          9.9038000E-06          0.0000000E+00         -3.0449100E-06          0.0000000E+00          0.0000000E+00
      1.682507E+05           1.6121400E-04         -7.6194300E-05          3.3792200E-05          0.0000000E+00         -1.0394500E-05          0.0000000E+00          0.0000000E+00
      4.525119E+04           5.0948100E-04         -2.4117200E-04          1.0698200E-04          0.0000000E+00         -3.2880100E-05          0.0000000E+00          0.0000000E+00
      1.464371E+04           1.5951400E-03         -7.5833400E-04          3.3673300E-04          0.0000000E+00         -1.0366800E-04          0.0000000E+00          0.0000000E+00
      5.446667E+03           4.9542100E-03         -2.3641000E-03          1.0503400E-03          0.0000000E+00         -3.2266800E-04          0.0000000E+00          0.0000000E+00
      2.247647E+03           1.5051500E-02         -7.2627900E-03          3.2348000E-03          0.0000000E+00         -9.9709200E-04          0.0000000E+00          0.0000000E+00
      1.002161E+03           4.2934000E-02         -2.1022500E-02          9.3886700E-03          0.0000000E+00         -2.8852100E-03          0.0000000E+00          0.0000000E+00
      4.735631E+02           1.0854300E-01         -5.4945500E-02          2.4714600E-02          0.0000000E+00         -7.6359600E-03          0.0000000E+00          0.0000000E+00
      2.339270E+02           2.2282000E-01         -1.1760800E-01          5.3348300E-02          0.0000000E+00         -1.6423200E-02          0.0000000E+00          0.0000000E+00
      1.196127E+02           3.3487600E-01         -1.8787300E-01          8.6548700E-02          0.0000000E+00         -2.6923200E-02          0.0000000E+00          0.0000000E+00
      6.283328E+01           3.0547700E-01         -1.5124700E-01          6.6570200E-02          0.0000000E+00         -2.0112000E-02          0.0000000E+00          0.0000000E+00
      3.367570E+01           1.3337300E-01          9.9537400E-02         -7.1156600E-02          0.0000000E+00          2.2814500E-02          0.0000000E+00          0.0000000E+00
      1.826931E+01           2.1083900E-02          4.3630500E-01         -2.8959100E-01          0.0000000E+00          9.7416300E-02          0.0000000E+00          0.0000000E+00
      9.927146E+00           8.4578900E-04          4.4771700E-01         -3.3257900E-01          0.0000000E+00          1.0855400E-01          0.0000000E+00          0.0000000E+00
      5.323340E+00           4.4190300E-05          1.4399300E-01          1.5234300E-01          0.0000000E+00         -6.9950400E-02          0.0000000E+00          0.0000000E+00
      2.719061E+00          -1.4745000E-04          1.2827600E-02          6.0196600E-01          0.0000000E+00         -2.7441400E-01          0.0000000E+00          0.0000000E+00
      1.371884E+00           8.3575800E-07          2.7424600E-04          4.0677500E-01          0.0000000E+00         -1.9766900E-01          0.0000000E+00          0.0000000E+00
      6.087579E-01          -1.3922200E-05          1.9960200E-04          5.7310800E-02          1.0000000E+00          2.3538900E-01          0.0000000E+00          0.0000000E+00
      2.817452E-01           5.2058900E-06         -9.5471300E-05         -1.5194500E-03          0.0000000E+00          5.6303000E-01          0.0000000E+00          0.0000000E+00
      1.097592E-01          -1.1776900E-06          1.8671400E-05          8.0279200E-04          0.0000000E+00          3.9910100E-01          1.0000000E+00          0.0000000E+00
      3.781684E-02           0.0000000E+00          0.0000000E+00          0.0000000E+00          0.0000000E+00          0.0000000E+00          0.0000000E+00          1.0000000E+00
! d functions
H    15    5
      5.702972E+03           1.1020300E-04         -4.6476300E-05          0.0000000E+00          0.0000000E+00          0.0000000E+00
      1.592964E+03           8.8637800E-04         -3.7520900E-04          0.0000000E+00          0.0000000E+00          0.0000000E+00
      5.802504E+02           5.2801800E-03         -2.2401400E-03          0.0000000E+00          0.0000000E+00          0.0000000E+00
      2.491317E+02           2.2559100E-02         -9.6501900E-03          0.0000000E+00          0.0000000E+00          0.0000000E+00
      1.177986E+02           7.2641200E-02         -3.1390600E-02          0.0000000E+00          0.0000000E+00          0.0000000E+00
      5.881864E+01           1.7776300E-01         -7.8166100E-02          0.0000000E+00          0.0000000E+00          0.0000000E+00
      3.030197E+01           3.0770000E-01         -1.3281700E-01          0.0000000E+00          0.0000000E+00          0.0000000E+00
      1.592040E+01           3.5538100E-01         -1.4088500E-01          0.0000000E+00          0.0000000E+00          0.0000000E+00
      8.468730E+00           2.2465100E-01          8.9654600E-03          0.0000000E+00          0.0000000E+00          0.0000000E+00
      4.451603E+00           6.0892600E-02          2.9115200E-01          0.0000000E+00          0.0000000E+00          0.0000000E+00
      2.273210E+00           4.5352900E-03          4.4590900E-01          0.0000000E+00          0.0000000E+00          0.0000000E+00
      1.132517E+00           1.4289500E-04          3.1005500E-01          0.0000000E+00          0.0000000E+00          0.0000000E+00
      5.329789E-01          -6.9519000E-05          8.7664900E-02          1.0000000E+00          0.0000000E+00          0.0000000E+00
      2.215374E-01          -3.6718400E-06          7.0901900E-03          0.0000000E+00          1.0000000E+00          0.0000000E+00
      9.216448E-02           0.0000000E+00          0.0000000E+00          0.0000000E+00          0.0000000E+00          1.0000000E+00
! f functions
H    2    2
      4.764510E-01           1.0000000E+00          0.0000000E+00
      2.284938E-01           0.0000000E+00          1.0000000E+00
a 55
! CAESIUM       (32s,26p,19d,5f) -> [9s,8p,6d,3f]
! s functions
H    32    9
      7.460140E+07           1.810000E-04          -6.300000E-05           2.900000E-05          -1.300000E-05          -5.000000E-06           0.000000E+00           1.000000E-06           0.000000E+00           0.000000E+00
      1.952398E+07           1.970000E-04          -6.900000E-05           3.100000E-05          -1.400000E-05          -5.000000E-06           0.000000E+00           1.000000E-06           0.000000E+00           0.000000E+00
      6.478588E+06           5.520000E-04          -1.930000E-04           8.700000E-05          -4.000000E-05          -1.500000E-05           0.000000E+00           3.000000E-06           0.000000E+00           0.000000E+00
      2.359270E+06           8.920000E-04          -3.130000E-04           1.410000E-04          -6.500000E-05          -2.400000E-05           0.000000E+00           6.000000E-06           0.000000E+00           0.000000E+00
      9.237726E+05           1.809000E-03          -6.360000E-04           2.870000E-04          -1.320000E-04          -5.000000E-05           0.000000E+00           1.100000E-05           0.000000E+00           0.000000E+00
      3.792412E+05           3.192000E-03          -1.125000E-03           5.080000E-04          -2.340000E-04          -8.800000E-05           0.000000E+00           2.000000E-05           0.000000E+00           0.000000E+00
      1.622639E+05           5.957000E-03          -2.110000E-03           9.530000E-04          -4.390000E-04          -1.650000E-04           0.000000E+00           3.800000E-05           0.000000E+00           0.000000E+00
      7.188832E+04           1.072700E-02          -3.827000E-03           1.731000E-03          -7.980000E-04          -3.000000E-04           0.000000E+00           6.900000E-05           0.000000E+00           0.000000E+00
      3.288141E+04           1.972500E-02          -7.121000E-03           3.226000E-03          -1.488000E-03          -5.600000E-04           0.000000E+00           1.290000E-04           0.000000E+00           0.000000E+00
      1.548478E+04           3.600500E-02          -1.323200E-02           6.012000E-03          -2.774000E-03          -1.043000E-03           0.000000E+00           2.410000E-04           0.000000E+00           0.000000E+00
      7.491623E+03           6.582000E-02          -2.491400E-02           1.136800E-02          -5.253000E-03          -1.977000E-03           0.000000E+00           4.560000E-04           0.000000E+00           0.000000E+00
      3.714515E+03           1.166480E-01          -4.632800E-02           2.129800E-02          -9.851000E-03          -3.703000E-03           0.000000E+00           8.550000E-04           0.000000E+00           0.000000E+00
      1.882708E+03           1.918750E-01          -8.289300E-02           3.860900E-02          -1.792500E-02          -6.756000E-03           0.000000E+00           1.559000E-03           0.000000E+00           0.000000E+00
      9.731758E+02           2.669840E-01          -1.329670E-01           6.340200E-02          -2.954800E-02          -1.111700E-02           0.000000E+00           2.568000E-03           0.000000E+00           0.000000E+00
      5.116816E+02           2.711640E-01          -1.682400E-01           8.339600E-02          -3.928100E-02          -1.487100E-02           0.000000E+00           3.431000E-03           0.000000E+00           0.000000E+00
      2.722626E+02           1.584880E-01          -1.013210E-01           5.195700E-02          -2.454500E-02          -9.197000E-03           0.000000E+00           2.127000E-03           0.000000E+00           0.000000E+00
      1.433991E+02           3.496600E-02           1.685670E-01          -1.131300E-01           5.645800E-02           2.140700E-02           0.000000E+00          -4.956000E-03           0.000000E+00           0.000000E+00
      7.836440E+01           4.390000E-04           4.781670E-01          -4.032560E-01           2.145840E-01           8.353700E-02           0.000000E+00          -1.934200E-02           0.000000E+00           0.000000E+00
      4.302518E+01           7.410000E-04           4.119160E-01          -4.614670E-01           2.595220E-01           1.010130E-01           0.000000E+00          -2.344300E-02           0.000000E+00           0.000000E+00
      2.333869E+01          -4.880000E-04           1.161130E-01           5.782000E-02          -3.452900E-02          -1.088300E-02           0.000000E+00           2.503000E-03           0.000000E+00           0.000000E+00
      1.326025E+01           2.790000E-04           4.116000E-03           6.969970E-01          -6.601670E-01          -2.980960E-01           0.000000E+00           7.030500E-02           0.000000E+00           0.000000E+00
      7.510496E+00          -2.110000E-04           2.390000E-03           4.864580E-01          -6.584640E-01          -2.973900E-01           0.000000E+00           7.022400E-02           0.000000E+00           0.000000E+00
      4.180036E+00           1.320000E-04          -1.184000E-03           8.892700E-02           2.767710E-01           1.549290E-01           0.000000E+00          -3.707300E-02           0.000000E+00           0.000000E+00
      2.281579E+00          -7.100000E-05           4.020000E-04           4.760000E-03           8.443830E-01           6.199520E-01           0.000000E+00          -1.578580E-01           0.000000E+00           0.000000E+00
      1.240649E+00           3.700000E-05          -2.620000E-04           8.900000E-04           3.709770E-01           4.485470E-01           0.000000E+00          -1.205630E-01           0.000000E+00           0.000000E+00
      5.925824E-01          -1.700000E-05           1.140000E-04          -1.410000E-04           2.656400E-02          -4.106290E-01           0.000000E+00           1.356880E-01           0.000000E+00           0.000000E+00
      2.964778E-01           8.000000E-06          -4.900000E-05          -3.400000E-05          -3.230000E-04          -7.486130E-01           0.000000E+00           2.517120E-01           0.000000E+00           0.000000E+00
      1.435516E-01          -3.000000E-06           1.900000E-05          -2.000000E-05           5.880000E-04          -2.587070E-01           0.000000E+00           2.680990E-01           0.000000E+00           0.000000E+00
      3.278399E-02           1.000000E-06          -8.000000E-06           3.000000E-06          -1.100000E-04          -6.026000E-03           1.000000E+00          -5.161740E-01           0.000000E+00           0.000000E+00
      1.860355E-02          -1.000000E-06           8.000000E-06          -3.000000E-06           9.700000E-05           2.717000E-03           0.000000E+00          -4.948840E-01           0.000000E+00           0.000000E+00
      1.044324E-02           0.000000E+00          -3.000000E-06           1.000000E-06          -3.500000E-05          -8.900000E-04           0.000000E+00          -1.720040E-01           1.000000E+00           0.000000E+00
      5.860000E-03           0.000000E+00           0.000000E+00           0.000000E+00           0.000000E+00           0.000000E+00           0.000000E+00           0.000000E+00           0.000000E+00           1.000000E+00
! p functions
H    26    8
      9.103965E+06           9.000000E-06          -4.000000E-06           2.000000E-06           1.000000E-06           0.000000E+00           0.000000E+00           0.000000E+00           0.000000E+00
      1.439487E+06           3.100000E-05          -1.500000E-05           7.000000E-06           2.000000E-06           0.000000E+00           0.000000E+00           0.000000E+00           0.000000E+00
      3.118970E+05           9.900000E-05          -4.700000E-05           2.100000E-05           7.000000E-06           0.000000E+00           1.000000E-06           0.000000E+00           0.000000E+00
      8.166284E+04           3.110000E-04          -1.480000E-04           6.600000E-05           2.200000E-05           0.000000E+00           4.000000E-06           0.000000E+00           0.000000E+00
      2.476061E+04           9.940000E-04          -4.740000E-04           2.130000E-04           7.100000E-05           0.000000E+00           1.200000E-05           0.000000E+00           0.000000E+00
      8.521229E+03           3.217000E-03          -1.540000E-03           6.930000E-04           2.320000E-04           0.000000E+00           3.800000E-05           0.000000E+00           0.000000E+00
      3.272321E+03           1.031700E-02          -4.979000E-03           2.246000E-03           7.530000E-04           0.000000E+00           1.220000E-04           0.000000E+00           0.000000E+00
      1.373967E+03           3.151600E-02          -1.542000E-02           6.968000E-03           2.334000E-03           0.000000E+00           3.790000E-04           0.000000E+00           0.000000E+00
      6.188248E+02           8.632600E-02          -4.339600E-02           1.974400E-02           6.633000E-03           0.000000E+00           1.077000E-03           0.000000E+00           0.000000E+00
      2.943016E+02           1.948770E-01          -1.021750E-01           4.683300E-02           1.572200E-02           0.000000E+00           2.552000E-03           0.000000E+00           0.000000E+00
      1.456739E+02           3.267370E-01          -1.815380E-01           8.454500E-02           2.855200E-02           0.000000E+00           4.640000E-03           0.000000E+00           0.000000E+00
      7.435341E+01           3.401380E-01          -1.833550E-01           8.397000E-02           2.807600E-02           0.000000E+00           4.554000E-03           0.000000E+00           0.000000E+00
      3.857085E+01           1.694870E-01           5.683100E-02          -4.856800E-02          -1.754500E-02           0.000000E+00          -2.859000E-03           0.000000E+00           0.000000E+00
      2.006308E+01           2.741100E-02           4.378540E-01          -2.945970E-01          -1.072460E-01           0.000000E+00          -1.754100E-02           0.000000E+00           0.000000E+00
      1.069329E+01           1.141000E-03           4.691180E-01          -3.519670E-01          -1.274900E-01           0.000000E+00          -2.078800E-02           0.000000E+00           0.000000E+00
      5.626034E+00          -1.510000E-04           1.524100E-01           1.487470E-01           7.957800E-02           0.000000E+00           1.328600E-02           0.000000E+00           0.000000E+00
      2.893497E+00          -3.000000E-06           1.037500E-02           6.069160E-01           3.013160E-01           0.000000E+00           5.062100E-02           0.000000E+00           0.000000E+00
      1.497076E+00          -9.700000E-05           1.624000E-03           3.895690E-01           2.256270E-01           0.000000E+00           3.818000E-02           0.000000E+00           0.000000E+00
      7.668462E-01           4.800000E-05          -5.690000E-04           6.531300E-02          -1.839920E-01           0.000000E+00          -3.573800E-02           0.000000E+00           0.000000E+00
      3.959692E-01          -3.400000E-05           3.570000E-04           4.298000E-03          -4.682760E-01           0.000000E+00          -8.788700E-02           0.000000E+00           0.000000E+00
      2.073552E-01           2.100000E-05          -2.240000E-04          -5.900000E-05          -3.996760E-01           0.000000E+00          -9.514400E-02           0.000000E+00           0.000000E+00
      1.077119E-01          -9.000000E-06           9.900000E-05           2.180000E-04          -1.513550E-01           0.000000E+00          -8.020300E-02           0.000000E+00           0.000000E+00
      4.122827E-02           4.000000E-06          -3.800000E-05          -1.180000E-04          -1.324200E-02           1.000000E+00           1.889160E-01           0.000000E+00           0.000000E+00
      1.939025E-02          -2.000000E-06           2.000000E-05           5.500000E-05           1.710000E-03           0.000000E+00           6.110410E-01           0.000000E+00           0.000000E+00
      8.907190E-03           1.000000E-06          -6.000000E-06          -1.700000E-05          -5.780000E-04           0.000000E+00           3.181400E-01           1.000000E+00           0.000000E+00
      4.090000E-03           0.000000E+00           0.000000E+00           0.000000E+00           0.000000E+00           0.000000E+00           0.000000E+00           0.000000E+00           1.000000E+00
! d functions
H    19    6
      6.765064E+03           9.400000E-05           4.100000E-05           0.000000E+00          -3.000000E-06           0.000000E+00           0.000000E+00
      1.808941E+03           7.690000E-04           3.340000E-04           0.000000E+00          -2.600000E-05           0.000000E+00           0.000000E+00
      6.600203E+02           4.498000E-03           1.956000E-03           0.000000E+00          -1.530000E-04           0.000000E+00           0.000000E+00
      2.817317E+02           1.990900E-02           8.725000E-03           0.000000E+00          -6.850000E-04           0.000000E+00           0.000000E+00
      1.318743E+02           6.631200E-02           2.935700E-02           0.000000E+00          -2.305000E-03           0.000000E+00           0.000000E+00
      6.551329E+01           1.664890E-01           7.503700E-02           0.000000E+00          -5.912000E-03           0.000000E+00           0.000000E+00
      3.378097E+01           2.956950E-01           1.314840E-01           0.000000E+00          -1.032400E-02           0.000000E+00           0.000000E+00
      1.789191E+01           3.510380E-01           1.453960E-01           0.000000E+00          -1.136500E-02           0.000000E+00           0.000000E+00
      9.737635E+00           2.375790E-01           2.139500E-02           0.000000E+00          -5.360000E-04           0.000000E+00           0.000000E+00
      5.349124E+00           7.875100E-02          -2.312610E-01           0.000000E+00           2.105600E-02           0.000000E+00           0.000000E+00
      2.879176E+00           9.897000E-03          -4.097990E-01           0.000000E+00           3.702000E-02           0.000000E+00           0.000000E+00
      1.529383E+00           1.490000E-04          -3.496180E-01           0.000000E+00           3.041400E-02           0.000000E+00           0.000000E+00
      7.777339E-01           1.500000E-05          -1.436100E-01           0.000000E+00          -1.512200E-02           0.000000E+00           0.000000E+00
      3.507203E-01          -4.300000E-05          -1.956300E-02           0.000000E+00          -9.609500E-02           0.000000E+00           0.000000E+00
      1.327321E-01           1.000000E-05           2.540000E-04           0.000000E+00          -1.834500E-01           0.000000E+00           0.000000E+00
      6.655222E-02          -8.000000E-06          -4.890000E-04           0.000000E+00          -8.223900E-02           0.000000E+00           0.000000E+00
      3.429666E-02           4.000000E-06           2.120000E-04           1.000000E+00          -4.514100E-01           0.000000E+00           0.000000E+00
      1.144759E-02          -1.000000E-06          -4.100000E-05           0.000000E+00          -4.793250E-01           1.000000E+00           0.000000E+00
      4.580000E-03           0.000000E+00           0.000000E+00           0.000000E+00           0.000000E+00           0.000000E+00           1.000000E+00
! f functions
H    5    3
      4.916285E+00           4.852900E-02           0.000000E+00           0.000000E+00
      7.390254E-01           6.289220E-01           0.000000E+00           0.000000E+00
      3.109203E-01           4.552510E-01           0.000000E+00           0.000000E+00
      7.169754E-02           6.464000E-03           1.000000E+00           0.000000E+00
      2.868000E-02           0.000000E+00           0.000000E+00           1.000000E+00
a 56
! BARIUM       (31s,25p,18d,5f) -> [9s,8p,6d,3f]
! s functions
H    31    9
      7.280870E+07           1.970000E-04          -6.900000E-05           3.100000E-05          -1.500000E-05          -6.000000E-06           0.000000E+00           2.000000E-06           0.000000E+00           0.000000E+00
      1.897908E+07           2.170000E-04          -7.600000E-05           3.400000E-05          -1.600000E-05          -6.000000E-06           0.000000E+00           2.000000E-06           0.000000E+00           0.000000E+00
      6.255870E+06           6.050000E-04          -2.130000E-04           9.600000E-05          -4.500000E-05          -1.800000E-05           0.000000E+00           5.000000E-06           0.000000E+00           0.000000E+00
      2.258005E+06           9.930000E-04          -3.500000E-04           1.580000E-04          -7.400000E-05          -2.900000E-05           0.000000E+00           8.000000E-06           0.000000E+00           0.000000E+00
      8.746182E+05           2.018000E-03          -7.120000E-04           3.230000E-04          -1.500000E-04          -5.900000E-05           0.000000E+00           1.600000E-05           0.000000E+00           0.000000E+00
      3.551537E+05           3.600000E-03          -1.275000E-03           5.780000E-04          -2.690000E-04          -1.060000E-04           0.000000E+00           3.000000E-05           0.000000E+00           0.000000E+00
      1.504096E+05           6.751000E-03          -2.403000E-03           1.090000E-03          -5.070000E-04          -2.000000E-04           0.000000E+00           5.600000E-05           0.000000E+00           0.000000E+00
      6.604172E+04           1.224300E-02          -4.393000E-03           1.995000E-03          -9.290000E-04          -3.660000E-04           0.000000E+00           1.020000E-04           0.000000E+00           0.000000E+00
      2.997602E+04           2.262300E-02          -8.224000E-03           3.742000E-03          -1.743000E-03          -6.860000E-04           0.000000E+00           1.910000E-04           0.000000E+00           0.000000E+00
      1.402223E+04           4.149600E-02          -1.538600E-02           7.021000E-03          -3.274000E-03          -1.290000E-03           0.000000E+00           3.600000E-04           0.000000E+00           0.000000E+00
      6.742875E+03           7.592100E-02          -2.910300E-02           1.334900E-02          -6.229000E-03          -2.453000E-03           0.000000E+00           6.840000E-04           0.000000E+00           0.000000E+00
      3.324776E+03           1.335300E-01          -5.404800E-02           2.499700E-02          -1.169300E-02          -4.611000E-03           0.000000E+00           1.286000E-03           0.000000E+00           0.000000E+00
      1.677097E+03           2.139690E-01          -9.538100E-02           4.480800E-02          -2.101300E-02          -8.280000E-03           0.000000E+00           2.307000E-03           0.000000E+00           0.000000E+00
      8.636381E+02           2.805010E-01          -1.468090E-01           7.081900E-02          -3.344600E-02          -1.322500E-02           0.000000E+00           3.692000E-03           0.000000E+00           0.000000E+00
      4.529436E+02           2.535010E-01          -1.667360E-01           8.400500E-02          -3.997600E-02          -1.577800E-02           0.000000E+00           4.394000E-03           0.000000E+00           0.000000E+00
      2.409324E+02           1.202680E-01          -5.161500E-02           2.490300E-02          -1.193500E-02          -4.808000E-03           0.000000E+00           1.360000E-03           0.000000E+00           0.000000E+00
      1.268170E+02           1.860600E-02           2.717630E-01          -1.911070E-01           9.839800E-02           3.977900E-02           0.000000E+00          -1.116600E-02           0.000000E+00           0.000000E+00
      6.882000E+01           1.670000E-04           5.140370E-01          -4.773730E-01           2.603880E-01           1.056940E-01           0.000000E+00          -2.952000E-02           0.000000E+00           0.000000E+00
      3.741834E+01           1.910000E-04           3.275100E-01          -3.665130E-01           2.165720E-01           9.105000E-02           0.000000E+00          -2.577700E-02           0.000000E+00           0.000000E+00
      1.951182E+01          -1.520000E-04           5.784900E-02           3.580180E-01          -2.691220E-01          -1.199000E-01           0.000000E+00           3.439300E-02           0.000000E+00           0.000000E+00
      1.103442E+01           4.100000E-05          -1.267000E-03           7.321510E-01          -8.439550E-01          -4.054360E-01           0.000000E+00           1.156010E-01           0.000000E+00           0.000000E+00
      6.082562E+00          -3.100000E-05           1.375000E-03           2.831920E-01          -2.890280E-01          -1.319160E-01           0.000000E+00           3.898900E-02           0.000000E+00           0.000000E+00
      3.180549E+00           2.300000E-05          -8.190000E-04           2.239800E-02           7.740550E-01           5.076190E-01           0.000000E+00          -1.548790E-01           0.000000E+00           0.000000E+00
      1.688173E+00          -9.000000E-06           2.630000E-04           1.700000E-03           6.657220E-01           7.181230E-01           0.000000E+00          -2.335960E-01           0.000000E+00           0.000000E+00
      7.843520E-01           5.000000E-06          -1.520000E-04          -1.390000E-04           8.217400E-02          -1.233580E-01           0.000000E+00           5.500100E-02           0.000000E+00           0.000000E+00
      4.201975E-01          -3.000000E-06           9.400000E-05          -1.100000E-05          -5.994000E-03          -8.291690E-01           0.000000E+00           3.518630E-01           0.000000E+00           0.000000E+00
      2.062209E-01           1.000000E-06          -3.000000E-05          -5.400000E-05           2.337000E-03          -4.202610E-01           0.000000E+00           3.725800E-01           0.000000E+00           0.000000E+00
      5.836623E-02          -0.000000E+00           1.300000E-05           1.100000E-05          -5.490000E-04          -1.692200E-02           1.000000E+00          -3.759080E-01           0.000000E+00           0.000000E+00
      3.094554E-02           0.000000E+00          -9.000000E-06          -9.000000E-06           3.980000E-04           6.591000E-03           0.000000E+00          -6.329020E-01           0.000000E+00           0.000000E+00
      1.529838E-02          -0.000000E+00           3.000000E-06           3.000000E-06          -1.120000E-04          -1.447000E-03           0.000000E+00          -2.256650E-01           1.000000E+00           0.000000E+00
      7.560000E-03           0.000000E+00           0.000000E+00           0.000000E+00           0.000000E+00           0.000000E+00           0.000000E+00           0.000000E+00           0.000000E+00           1.000000E+00
! p functions
H    25    8
      9.971900E+06           1.000000E-05          -5.000000E-06           2.000000E-06           1.000000E-06           0.000000E+00           0.000000E+00           0.000000E+00           0.000000E+00
      1.596582E+06           3.000000E-05          -1.400000E-05           7.000000E-06           2.000000E-06           0.000000E+00           1.000000E-06           0.000000E+00           0.000000E+00
      3.478002E+05           9.700000E-05          -4.600000E-05           2.100000E-05           7.000000E-06           0.000000E+00           2.000000E-06           0.000000E+00           0.000000E+00
      9.121609E+04           3.000000E-04          -1.430000E-04           6.500000E-05           2.300000E-05           0.000000E+00           6.000000E-06           0.000000E+00           0.000000E+00
      2.762193E+04           9.480000E-04          -4.540000E-04           2.070000E-04           7.400000E-05           0.000000E+00           1.800000E-05           0.000000E+00           0.000000E+00
      9.470074E+03           3.035000E-03          -1.460000E-03           6.650000E-04           2.380000E-04           0.000000E+00           5.800000E-05           0.000000E+00           0.000000E+00
      3.619070E+03           9.670000E-03          -4.688000E-03           2.141000E-03           7.670000E-04           0.000000E+00           1.860000E-04           0.000000E+00           0.000000E+00
      1.512548E+03           2.949900E-02          -1.448900E-02           6.629000E-03           2.372000E-03           0.000000E+00           5.750000E-04           0.000000E+00           0.000000E+00
      6.785780E+02           8.129100E-02          -4.099000E-02           1.887800E-02           6.771000E-03           0.000000E+00           1.642000E-03           0.000000E+00           0.000000E+00
      3.217450E+02           1.860780E-01          -9.772800E-02           4.534300E-02           1.625900E-02           0.000000E+00           3.946000E-03           0.000000E+00           0.000000E+00
      1.589154E+02           3.194400E-01          -1.777380E-01           8.376200E-02           3.019700E-02           0.000000E+00           7.324000E-03           0.000000E+00           0.000000E+00
      8.100549E+01           3.456160E-01          -1.897420E-01           8.848700E-02           3.167200E-02           0.000000E+00           7.696000E-03           0.000000E+00           0.000000E+00
      4.207884E+01           1.824350E-01           3.206600E-02          -3.525200E-02          -1.392800E-02           0.000000E+00          -3.443000E-03           0.000000E+00           0.000000E+00
      2.207220E+01           3.281200E-02           4.087370E-01          -2.773950E-01          -1.079170E-01           0.000000E+00          -2.632300E-02           0.000000E+00           0.000000E+00
      1.189448E+01           1.581000E-03           4.809100E-01          -3.684500E-01          -1.440620E-01           0.000000E+00          -3.539400E-02           0.000000E+00           0.000000E+00
      6.372826E+00          -1.350000E-04           1.800510E-01           7.865600E-02           5.429500E-02           0.000000E+00           1.415300E-02           0.000000E+00           0.000000E+00
      3.340278E+00          -1.100000E-05           1.675500E-02           5.810380E-01           3.089900E-01           0.000000E+00           7.760900E-02           0.000000E+00           0.000000E+00
      1.741304E+00          -9.500000E-05           1.415000E-03           4.499060E-01           2.801110E-01           0.000000E+00           7.316000E-02           0.000000E+00           0.000000E+00
      8.494938E-01           3.500000E-05          -2.630000E-04           8.523400E-02          -1.999750E-01           0.000000E+00          -6.324700E-02           0.000000E+00           0.000000E+00
      4.231431E-01          -2.200000E-05           1.420000E-04          -1.630000E-04          -5.735480E-01           0.000000E+00          -1.691530E-01           0.000000E+00           0.000000E+00
      2.047898E-01           1.100000E-05          -8.200000E-05           1.540000E-03          -3.843280E-01           0.000000E+00          -2.017150E-01           0.000000E+00           0.000000E+00
      8.737023E-02          -5.000000E-06           3.900000E-05          -6.310000E-04          -5.919800E-02           1.000000E+00           1.157400E-01           0.000000E+00           0.000000E+00
      3.890799E-02           2.000000E-06          -1.700000E-05           2.280000E-04           4.660000E-04           0.000000E+00           6.595680E-01           0.000000E+00           0.000000E+00
      1.669166E-02          -1.000000E-06           5.000000E-06          -7.100000E-05          -1.083000E-03           0.000000E+00           3.685800E-01           1.000000E+00           0.000000E+00
      7.160000E-03           0.000000E+00           0.000000E+00           0.000000E+00           0.000000E+00           0.000000E+00           0.000000E+00           0.000000E+00           1.000000E+00
! d functions
H    18    6
      7.517672E+03          -8.600000E-05           3.800000E-05           7.000000E-06           0.000000E+00           0.000000E+00           0.000000E+00
      1.998512E+03          -7.010000E-04           3.110000E-04           5.800000E-05           0.000000E+00           0.000000E+00           0.000000E+00
      7.265794E+02          -4.097000E-03           1.822000E-03           3.380000E-04           0.000000E+00           0.000000E+00           0.000000E+00
      3.094479E+02          -1.826600E-02           8.191000E-03           1.524000E-03           0.000000E+00           0.000000E+00           0.000000E+00
      1.447396E+02          -6.159900E-02           2.788100E-02           5.188000E-03           0.000000E+00           0.000000E+00           0.000000E+00
      7.190156E+01          -1.574840E-01           7.263900E-02           1.356100E-02           0.000000E+00           0.000000E+00           0.000000E+00
      3.712834E+01          -2.865440E-01           1.307540E-01           2.434300E-02           0.000000E+00           0.000000E+00           0.000000E+00
      1.970733E+01          -3.509540E-01           1.505910E-01           2.789000E-02           0.000000E+00           0.000000E+00           0.000000E+00
      1.076711E+01          -2.491540E-01           3.667800E-02           4.069000E-03           0.000000E+00           0.000000E+00           0.000000E+00
      5.948374E+00          -8.853500E-02          -2.158590E-01          -4.790300E-02           0.000000E+00           0.000000E+00           0.000000E+00
      3.226291E+00          -1.231000E-02          -4.077970E-01          -8.861100E-02           0.000000E+00           0.000000E+00           0.000000E+00
      1.731762E+00          -2.040000E-04          -3.591290E-01          -7.573500E-02           0.000000E+00           0.000000E+00           0.000000E+00
      8.941080E-01          -3.300000E-05          -1.515450E-01           3.746900E-02           0.000000E+00           0.000000E+00           0.000000E+00
      4.164399E-01           5.300000E-05          -2.083500E-02           2.235950E-01           0.000000E+00           0.000000E+00           0.000000E+00
      1.742349E-01          -9.000000E-06           7.800000E-05           3.812400E-01           0.000000E+00           0.000000E+00           0.000000E+00
      6.906883E-02           5.000000E-06          -2.010000E-04           4.231930E-01           1.000000E+00           0.000000E+00           0.000000E+00
      2.659817E-02          -1.000000E-06           6.300000E-05           2.064040E-01           0.000000E+00           1.000000E+00           0.000000E+00
      1.064000E-02           0.000000E+00           0.000000E+00           0.000000E+00           0.000000E+00           0.000000E+00           1.000000E+00
! f functions
H    5    3
      4.698302E+00           8.208310E-01           0.000000E+00           0.000000E+00
      7.727884E-01           4.720500E-01           0.000000E+00           0.000000E+00
      2.907597E-01          -9.590300E-02           0.000000E+00           0.000000E+00
      7.815789E-02           3.057400E-02           1.000000E+00           0.000000E+00
      3.126000E-02           0.000000E+00           0.000000E+00           1.000000E+00

